link,player,games.played,minutes,fg.fga,three.pointers,ft.fta,reb,pf.fo,ast,to,blk,stl,pts.avg
http://vcuathletics.com/sports/mbkb/archives/197172_Stats,"
Dark, Jesse
",19,NA,172-335,NA,76-109,151,NA,53,NA,NA,NA,621-22.1
http://vcuathletics.com/sports/mbkb/archives/197172_Stats,"Jones, Richard",19,NA,92-210,NA,75-108,249,NA,52,NA,NA,NA,259-13.6
http://vcuathletics.com/sports/mbkb/archives/197172_Stats,"Harris, Benard",19,NA,152-252,NA,70-101,218,NA, 34,NA,NA,NA,374-19.7
http://vcuathletics.com/sports/mbkb/archives/197172_Stats,"Edwards, Dave", 19,NA,100-201,NA,44-67,64,NA,161,NA,NA,NA,246-12.9
http://vcuathletics.com/sports/mbkb/archives/197172_Stats,"Robertson, Howie",19,NA,76-149,NA,35-49,37,NA,73,NA,NA,NA,205-10.8
http://vcuathletics.com/sports/mbkb/archives/197172_Stats,"Cain, Reggie",19,NA,81-169,NA,12-26,36,NA,45,NA,NA,NA,174-9.2
http://vcuathletics.com/sports/mbkb/archives/197172_Stats,"Mathews, Eddie",11,NA,6-23,NA,3-4,16,NA,6,NA,NA,NA, 15-1.4
http://vcuathletics.com/sports/mbkb/archives/197172_Stats,"Sudduth, Barry",16,NA, 21-44,NA,6-9,12,NA,17,NA,NA,NA,48-3.0
http://vcuathletics.com/sports/mbkb/archives/197172_Stats,"Fling, Mike",15,NA,16-46,NA,11-16,41,NA,2,NA,NA,NA,43-2.9
http://vcuathletics.com/sports/mbkb/archives/197172_Stats,"Simpson, Gary",7,NA,6-15,NA,2-5,19,NA,1,NA,NA,NA,14-2.0
http://vcuathletics.com/sports/mbkb/archives/197172_Stats,"
Totals
","
19
",NA,"
722-1441
",NA,"
354-525
",848,NA,"
444
",NA,NA,NA,"
1798-94.6
"
http://vcuathletics.com/sports/mbkb/archives/197172_Stats,"
Opponents
",19,NA,613-1501,NA,275-418,786,NA,272,NA,NA,NA,1501-79.0
http://vcuathletics.com/sports/mbkb/archives/197273_Stats,"
Motley, Tom
",25,776,182-393,NA,96-135,213,76-3,5,NA,NA,NA,460-18.4
http://vcuathletics.com/sports/mbkb/archives/197273_Stats,"Henderson, Gerald",25,727,196-395,NA,27-43,71,63-6,46,NA,NA,NA,419-16.8
http://vcuathletics.com/sports/mbkb/archives/197273_Stats,"Price, Tic",25,678,128-281,NA,65-88,136, 73-4, 34,NA,NA,NA, 321-12.8
http://vcuathletics.com/sports/mbkb/archives/197273_Stats," Holloway, Tony", 21, 376,80-156,NA,12-26,62,34-0,15,NA,NA,NA,172-8.2
http://vcuathletics.com/sports/mbkb/archives/197273_Stats,"Highsmith, Keith ",25,749,64-160,NA,35-49,37,55-1,150,NA,NA,NA,163-6.5
http://vcuathletics.com/sports/mbkb/archives/197273_Stats,"Watson, Lorenza",25,491,68-121,NA,18-38,187,63-3,11,NA,NA,NA,154-6.2
http://vcuathletics.com/sports/mbkb/archives/197273_Stats,"Binns, Tim",22,207,49-107,NA,24-29,38,21-0,4,NA,NA,NA, 122-5.5
http://vcuathletics.com/sports/mbkb/archives/197273_Stats,"Barnes, Norman", 25, 396, 60-119,NA,18-32,126,63-2,6,NA,NA,NA,138-5.5
http://vcuathletics.com/sports/mbkb/archives/197273_Stats,"Tatum, Edd",22,229,31-73,NA,16-27,55,47-3,4,NA,NA,NA,78-3.5
http://vcuathletics.com/sports/mbkb/archives/197273_Stats,"Elis, Tony",15,104,19-54,NA,7-15,34,10-0,0,NA,NA,NA,45-3.0
http://vcuathletics.com/sports/mbkb/archives/197273_Stats,"Fultz, Morris ",3,24,2-3,NA,4-4,10, 3-0, 1,NA,NA,NA,88-2.7
http://vcuathletics.com/sports/mbkb/archives/197273_Stats,"Holmes, Pat",10,73,7-13,NA,4-9,26,7-0,4,NA,NA,NA,18-1.8
http://vcuathletics.com/sports/mbkb/archives/197273_Stats,"Saltz, Rhea",13,93,7-23,NA,9-12,5, 17-0, 14,NA,NA,NA,23-1.8
http://vcuathletics.com/sports/mbkb/archives/197273_Stats,"DiMaria, Tony",14,127,5-26,NA,6-11,7,16-0,11,NA,NA,NA,16-1.1
http://vcuathletics.com/sports/mbkb/archives/197273_Stats,"
Totals
","
25
","
5050
","
898-1924
",NA,"
341-518
",1136,"
548-22
","
305
",NA,NA,NA,"
2137-85.5
"
http://vcuathletics.com/sports/mbkb/archives/197273_Stats,"
Opponents
",25,5050,770-1688,NA,372-537,1034,514-21,248,NA,NA,NA,1912-76.5
http://vcuathletics.com/sports/mbkb/archives/197374_Stats,"
Dark
",24,NA,245-485,NA,65-90,132,64-2,88,84,NA,NA,555-23.1
http://vcuathletics.com/sports/mbkb/archives/197374_Stats,Harris,24,NA,210-415,NA,41-49,279,65-3,42,55,NA,NA,461-19.2
http://vcuathletics.com/sports/mbkb/archives/197374_Stats,"Jones, R.",24,NA,130-281,NA,58-82,202,62-3,75,40,NA,NA,318-13.3
http://vcuathletics.com/sports/mbkb/archives/197374_Stats,Motley,24,NA,90-190,NA,29-47,162,55-2,23,27,NA,NA,209-8.7
http://vcuathletics.com/sports/mbkb/archives/197374_Stats,Robertson,24,NA,63-143,NA,36-49,23,37-0,77,64,NA,NA, 162-6.8
http://vcuathletics.com/sports/mbkb/archives/197374_Stats,Edwards,24,NA,64-156,NA,19-29,43,51-2,140,43,NA,NA,147-6.1
http://vcuathletics.com/sports/mbkb/archives/197374_Stats,"Jones, J.",23,NA,54-101,NA,11-22,98,51-3,17,44,NA,NA,119-5.2
http://vcuathletics.com/sports/mbkb/archives/197374_Stats,"Jones, C.",20,NA,28-65,NA,3-5,39,5-0,5,7,NA,NA,59-2.9
http://vcuathletics.com/sports/mbkb/archives/197374_Stats,Hudgins,14,NA,20-41,NA,10-14,14,8-0,4,13,NA,NA,50-3.6
http://vcuathletics.com/sports/mbkb/archives/197374_Stats,Binns,6,NA,7-20,NA,10-13,13,5-0,3,3,NA,NA,24-4.0
http://vcuathletics.com/sports/mbkb/archives/197374_Stats,Fultz,14,NA,14-18,NA,4-6,36,10-0,3,5,NA,NA,32-2.3
http://vcuathletics.com/sports/mbkb/archives/197374_Stats,Zepplin,24,NA,24-55,NA,5-9,61,34-1,36,16,NA,NA,53-2.2
http://vcuathletics.com/sports/mbkb/archives/197374_Stats,Tatum,10,NA,10-25,NA,4-8,21,9-0,1,3,NA,NA,24-2.4
http://vcuathletics.com/sports/mbkb/archives/197374_Stats,Saltz,19,NA,12-24,NA,6-7,9,21-0,14,14,NA,NA,30-1.6
http://vcuathletics.com/sports/mbkb/archives/197374_Stats,Boyd,15,NA,8-25,NA,7-12,16,7-0,11,9,NA,NA,23-1.5
http://vcuathletics.com/sports/mbkb/archives/197374_Stats,"
Totals
","
24
",NA,"
979-2044
",NA,"
308-442
",1148,484-16,528,447,NA,NA,"
2266-94.4
"
http://vcuathletics.com/sports/mbkb/archives/197374_Stats,"
Opponents
",24,NA,768-1816,NA,339-498,866,458-16,331,545,NA,NA,1875-78.1
http://vcuathletics.com/sports/mbkb/archives/197475_Stats,"
Jones, R.
",14,NA,98-201,NA,50-67,106,38-0,NA,NA,NA,NA,246-17.6
http://vcuathletics.com/sports/mbkb/archives/197475_Stats,Motley,25,NA,141-276,NA,58-84,211,69-2,NA,NA,NA,NA,340-13.6
http://vcuathletics.com/sports/mbkb/archives/197475_Stats,Price,25,NA,139-284,NA,58-84,206,88-4,NA,NA,NA,NA,336-13.4
http://vcuathletics.com/sports/mbkb/archives/197475_Stats,Highsmith,25,NA,100-214,NA,42-65,55,70-3,NA,NA,NA,NA,242-9.7
http://vcuathletics.com/sports/mbkb/archives/197475_Stats,Cain,25,NA,103-235,NA,23-37,48, 47-2,NA,NA,NA,NA, 229-9.2
http://vcuathletics.com/sports/mbkb/archives/197475_Stats,Hudgins,25,NA,89-201,NA,29-35,58, 30-0,NA,NA,NA,NA,207-8.3
http://vcuathletics.com/sports/mbkb/archives/197475_Stats,Ellis,24,NA,73-140,NA,39-64,111, 37-0,NA,NA,NA,NA,185-7.7
http://vcuathletics.com/sports/mbkb/archives/197475_Stats,"Jones, J.",25,NA,75-143,NA,19-40,155,73-4,NA,NA,NA,NA,169-6.8
http://vcuathletics.com/sports/mbkb/archives/197475_Stats, Henderson,25,NA,73-182,NA,21-39,64,46-1,NA,NA,NA,NA, 167-6.7
http://vcuathletics.com/sports/mbkb/archives/197475_Stats,Tatum,23,NA,23-44,NA,18-31,65,33-0,NA,NA,NA,NA,64-2.8
http://vcuathletics.com/sports/mbkb/archives/197475_Stats,DiMaria,23,NA,9-25,NA,10-13,16,18-0,NA,NA,NA,NA,28-1.2
http://vcuathletics.com/sports/mbkb/archives/197475_Stats,"
Totals
","
25
",NA,"
923-1945
",NA,"
367-559
",1095,"
549-16
",NA,NA,NA,NA,"
2213-88.5
"
http://vcuathletics.com/sports/mbkb/archives/197475_Stats,"
Opponents
", 25,NA,791-1725,NA,345-548,954,532-24,NA,NA,NA,NA,1927-77.1
http://vcuathletics.com/sports/mbkb/archives/197576_Stats,"
Motley, Tom
",25,776,182-393,NA,96-135,213,76-3,5,NA,NA,NA,460-18.4
http://vcuathletics.com/sports/mbkb/archives/197576_Stats,"Henderson, Gerald",25,727,196-395,NA,27-43,71,63-6,46,NA,NA,NA,419-16.8
http://vcuathletics.com/sports/mbkb/archives/197576_Stats,"Price, Tic",25,678,128-281,NA,65-88,136, 73-4, 34,NA,NA,NA, 321-12.8
http://vcuathletics.com/sports/mbkb/archives/197576_Stats," Holloway, Tony", 21, 376,80-156,NA,12-26,62,34-0,15,NA,NA,NA,172-8.2
http://vcuathletics.com/sports/mbkb/archives/197576_Stats,"Highsmith, Keith ",25,749,64-160,NA,35-49,37,55-1,150,NA,NA,NA,163-6.5
http://vcuathletics.com/sports/mbkb/archives/197576_Stats,"Watson, Lorenza",25,491,68-121,NA,18-38,187,63-3,11,NA,NA,NA,154-6.2
http://vcuathletics.com/sports/mbkb/archives/197576_Stats,"Binns, Tim",22,207,49-107,NA,24-29,38,21-0,4,NA,NA,NA, 122-5.5
http://vcuathletics.com/sports/mbkb/archives/197576_Stats,"Barnes, Norman", 25, 396, 60-119,NA,18-32,126,63-2,6,NA,NA,NA,138-5.5
http://vcuathletics.com/sports/mbkb/archives/197576_Stats,"Tatum, Edd",22,229,31-73,NA,16-27,55,47-3,4,NA,NA,NA,78-3.5
http://vcuathletics.com/sports/mbkb/archives/197576_Stats,"Elis, Tony",15,104,19-54,NA,7-15,34,10-0,0,NA,NA,NA,45-3.0
http://vcuathletics.com/sports/mbkb/archives/197576_Stats,"Fultz, Morris ",3,24,2-3,NA,4-4,10, 3-0, 1,NA,NA,NA,88-2.7
http://vcuathletics.com/sports/mbkb/archives/197576_Stats,"Holmes, Pat",10,73,7-13,NA,4-9,26,7-0,4,NA,NA,NA,18-1.8
http://vcuathletics.com/sports/mbkb/archives/197576_Stats,"Saltz, Rhea",13,93,7-23,NA,9-12,5, 17-0, 14,NA,NA,NA,23-1.8
http://vcuathletics.com/sports/mbkb/archives/197576_Stats,"DiMaria, Tony",14,127,5-26,NA,6-11,7,16-0,11,NA,NA,NA,16-1.1
http://vcuathletics.com/sports/mbkb/archives/197576_Stats,"
Totals
","
25
","
5050
","
898-1924
",NA,"
341-518
",1136,"
548-22
","
305
",NA,NA,NA,"
2137-85.5
"
http://vcuathletics.com/sports/mbkb/archives/197576_Stats,"
Opponents
",25,5050,770-1688,NA,372-537,1034,514-21,248,NA,NA,NA,1912-76.5
http://vcuathletics.com/sports/mbkb/archives/197677_Stats,"
Henderson
",25,903,228-465,NA,50-81,102,84-4,83,135,9,55,506-20.2
http://vcuathletics.com/sports/mbkb/archives/197677_Stats,Watson,26,876,159-293,NA,50-86,311,97-10,53,69,135,40,368-14.2
http://vcuathletics.com/sports/mbkb/archives/197677_Stats,Binns,25,804,126-253,NA,53-65,119,52-1,36,43,2,4,"
305-12.2
"
http://vcuathletics.com/sports/mbkb/archives/197677_Stats,Tatum, 26, 723, 86-164,NA,36-51,141, 93-8,35,55,11,10,208-8.0
http://vcuathletics.com/sports/mbkb/archives/197677_Stats,Noe,25,720,72-177,NA,43-73,96,63-2,46,55,0, 18,187-7.5
http://vcuathletics.com/sports/mbkb/archives/197677_Stats,DiMaria,26,904,80-150,NA,26-35,58, 52-0, 65,58,0,33,"
186-7.2
"
http://vcuathletics.com/sports/mbkb/archives/197677_Stats,Carmack,14,139,27-48,NA,15-20,40, 23-0, 5, 17,0,1,69-4.9
http://vcuathletics.com/sports/mbkb/archives/197677_Stats,Pickus,16,62,8-22,NA,9-15,20, 11-0, 0,8,1,0,25-1.6
http://vcuathletics.com/sports/mbkb/archives/197677_Stats,Chandler,9,29,4-14,NA, 2-6,6,7-0,1, 11, 0, 0, 10-1.1
http://vcuathletics.com/sports/mbkb/archives/197677_Stats,Gray,11,27,5-9,NA,2-9,9,2-0,0,0,0,1,7-0.6
http://vcuathletics.com/sports/mbkb/archives/197677_Stats,Trusty,2,5,1-2,NA,0-0,0,1-0,2,0,0,0,2-1.0
http://vcuathletics.com/sports/mbkb/archives/197677_Stats,Bell ,11,26,2-6,NA,3-6,3,2-0,0,8,0,1,7-0.6
http://vcuathletics.com/sports/mbkb/archives/197677_Stats,Payne,9,12,0-5,NA,0-0,3,1-0,0,1,0,0,0-0.0
http://vcuathletics.com/sports/mbkb/archives/197677_Stats,"
Totals
","
26
","
5250
","
798-1608
",NA,"
289-447
",989,"
488-25
","
326
","
460
","
158
","
163
","
1885-72.5
"
http://vcuathletics.com/sports/mbkb/archives/197677_Stats,"
Opponents
", 26,5250,754-1756,NA,330-486,1028,503-13,244,423,64,171,1838-70.7
http://vcuathletics.com/sports/mbkb/archives/197778_Stats,"
Henderson
",28,939,185-377,NA,80-121,94,76-3,69,86,6,58,450-16.1
http://vcuathletics.com/sports/mbkb/archives/197778_Stats,Watson,28,898,139-248,NA,70-128,332,107-7,50,75,127,32,348-12.4
http://vcuathletics.com/sports/mbkb/archives/197778_Stats,Sherod,29,968,122-258,NA,55-87,68, 46-1,83,85,5,56,299-10.3
http://vcuathletics.com/sports/mbkb/archives/197778_Stats,Elliott,29,842,101-185,NA,91-122,196,97-6,31,66,17,7,"
293-10.1
"
http://vcuathletics.com/sports/mbkb/archives/197778_Stats,Carmack, 29,527,99-205,NA,61-86,122,47-0,23,56,4,21,259-8.9
http://vcuathletics.com/sports/mbkb/archives/197778_Stats,Kottak,29,665,99-191,NA,54-71,225,35-0,40,52,5,16,252-8.7
http://vcuathletics.com/sports/mbkb/archives/197778_Stats,Binns,25,247,32-64,NA,35-48,26, 31-0, 8,16,3,1,99-4.0
http://vcuathletics.com/sports/mbkb/archives/197778_Stats,Ringo,12,154,20-45,NA,7-19,25,26-2,4,14,2,2,47-3.9
http://vcuathletics.com/sports/mbkb/archives/197778_Stats,Noe ,11,112,11-29,NA,10-14,9,20-0,7,8,0,4,32-2.9
http://vcuathletics.com/sports/mbkb/archives/197778_Stats,DiMaria,21,307,15-32,NA,18-20,11,20-0,7,12,0,8,48-2.3
http://vcuathletics.com/sports/mbkb/archives/197778_Stats,Harris,27,245,16-34,NA,27-40,22,22-0,33,37,1,10,59-2.2
http://vcuathletics.com/sports/mbkb/archives/197778_Stats,Gray,10,19,2-6,NA,3-9,9, 2-0, 0,1,0,1,7-0.7
http://vcuathletics.com/sports/mbkb/archives/197778_Stats,Murrey,12,24,2-5,NA,2-6,9, 5-0,0,2,1,1,6-0.5
http://vcuathletics.com/sports/mbkb/archives/197778_Stats,Payne,3,3,0-0,NA,0-0,0,1-0,0,0,0,0,0-0.0
http://vcuathletics.com/sports/mbkb/archives/197778_Stats,"
Totals
","
29
","
5850
","
843-1679
",NA,"
513-766
",1120,"
535-19
","
355
","
510
","
171
","
217
","
2199-75.8
"
http://vcuathletics.com/sports/mbkb/archives/197778_Stats,"
Opponents
", 29,5850,801-1836,NA,335-504,1036,682-34,269,517,105,182,1937-66.8
http://vcuathletics.com/sports/mbkb/archives/197879_Stats,"
Watson
",25,NA,148-278,NA,91-133,313,91-8,49,56,129,36,387-15.5
http://vcuathletics.com/sports/mbkb/archives/197879_Stats,Kottak,25,NA,147-271,NA,70-90,111,48-0,67,65,7,21,364-14.6
http://vcuathletics.com/sports/mbkb/archives/197879_Stats,Elliott,20,NA,93-147,NA,57-93,112,53-1,26,46,13,17,243-12.2
http://vcuathletics.com/sports/mbkb/archives/197879_Stats,Sherod,25,NA,104-228,NA, 56-76,70,30-0,156,75,3,52,264-10.6
http://vcuathletics.com/sports/mbkb/archives/197879_Stats,Knight,25,NA,101-189,NA,44-57,26,56-4,44,48,4,18,246-9.8
http://vcuathletics.com/sports/mbkb/archives/197879_Stats,Stancell,25,NA, 62-124,NA,26-49,117,52-1,9,27,17,8,150-6.0
http://vcuathletics.com/sports/mbkb/archives/197879_Stats,McCray ,21,NA,51-108,NA,21-29,66, 39-0, 19,31,7,11,123-5.9
http://vcuathletics.com/sports/mbkb/archives/197879_Stats,Harris,23,NA,22-44,NA,27-50,26, 20-1,32,29,1,8,71-3.1
http://vcuathletics.com/sports/mbkb/archives/197879_Stats,Ringo,18,NA,19-41,NA,17-23,39,19-0,7,16,3,4,55-3.1
http://vcuathletics.com/sports/mbkb/archives/197879_Stats,Crittendon,5,NA,5-11,NA,0-0,3,4-0,3,1,0,0,10-2.0
http://vcuathletics.com/sports/mbkb/archives/197879_Stats,Price,8,NA,3-8,NA,0-0,3,1-0,1,2,0,1,6-0.8
http://vcuathletics.com/sports/mbkb/archives/197879_Stats,"
Totals
","
25
",NA,"
755-1449
",NA,"
409-600
",949,"
413-15
","
413
","
396
","
184
","
176
","
1919-78.8
"
http://vcuathletics.com/sports/mbkb/archives/197879_Stats,"
Opponents
", 25,NA, 682-1571,NA,302-429,840, 515-22, 259,375,50,165,1666-66.6
http://vcuathletics.com/sports/mbkb/archives/197980_Stats,"
Knight
",30-29,961,199-411,NA,99-130,90,92-4,60,81,4,27,497-16.6
http://vcuathletics.com/sports/mbkb/archives/197980_Stats,Sherod,30-30,1075,164-307,NA,93-118,99,81-0,163,80,2,49,421-14.0
http://vcuathletics.com/sports/mbkb/archives/197980_Stats,Kottak, 30-19,821,111-227,NA,62-81,122,55-1,76, 56,4,25,284-9.5
http://vcuathletics.com/sports/mbkb/archives/197980_Stats,McCray,30-17,749,118-224,NA,47-69,192,98-6,14,54,12,16,283-9.4
http://vcuathletics.com/sports/mbkb/archives/197980_Stats, Jones,30-30,757,100-197,NA,48-64,175,110-7,15,52,10,7,248-8.3
http://vcuathletics.com/sports/mbkb/archives/197980_Stats,Stancell,30-8,525,73-141,NA,35-51,138,76-2,10,28,20,8,181-6.0
http://vcuathletics.com/sports/mbkb/archives/197980_Stats,Elliot,21-14,509,43-123,NA,37-57,123,56-0,37,52,6,12,123-5.9
http://vcuathletics.com/sports/mbkb/archives/197980_Stats,Harris, 27-1, 312,38-71,NA,36-71,26, 38-2, 38, 25, 2,10,112-4.1
http://vcuathletics.com/sports/mbkb/archives/197980_Stats, Shropshire,24-0,185,25-54,NA,30-38,27,19-0,11,16,1,2,80-3.3
http://vcuathletics.com/sports/mbkb/archives/197980_Stats,Ringo,20-2,108,14-27,NA,8-13,21,20-0,2,5,1, 0,36-1.8
http://vcuathletics.com/sports/mbkb/archives/197980_Stats,Downden,1-0,7,0-0,NA,1-1,1, 0-0, 1,0,0,0,1-1.0
http://vcuathletics.com/sports/mbkb/archives/197980_Stats,Bates,7-0,16,2-6,NA,2-3,4,3-0,0,5,0,0,6-0.9
http://vcuathletics.com/sports/mbkb/archives/197980_Stats,"
Totals
","
30
","
6025
","
887-1788
",NA,"
498-696
",1124,"
648-22
","
427
","
456
","
62
","
156
","
2272-75.7
"
http://vcuathletics.com/sports/mbkb/archives/197980_Stats,"
Opponents
", 30,6025,836-1763,NA,484-718,1006,666-25,352,421,82,174,2156-71.9
http://vcuathletics.com/sports/mbkb/archives/198081_Stats,"
Stancell
",29-29,1048,186-348,NA,77-112,261,95-4,32,72,41,18,449-15.5
http://vcuathletics.com/sports/mbkb/archives/198081_Stats,Kottak, 29-29,1021,147-254,NA,76-96,125,53-1,109,67, 5,27,370-12.8
http://vcuathletics.com/sports/mbkb/archives/198081_Stats,Sherod,29-29,1103,117-260,NA,106-136,95,56-0,180,76,5,45,340-11.7
http://vcuathletics.com/sports/mbkb/archives/198081_Stats,Knight,29-28,861,146-295,NA,41-56,71,60-1,50,42,5,20,333-11.5
http://vcuathletics.com/sports/mbkb/archives/198081_Stats,McCray ,29-29, 985,114-240,NA,45-65,281,95-2,54,52,22,17,273-9.4
http://vcuathletics.com/sports/mbkb/archives/198081_Stats,Shropshire,28-1,985,53-97,NA,44-55,40,32-0,23,20,1,5,150-5.4
http://vcuathletics.com/sports/mbkb/archives/198081_Stats,Davis,21-0,97,10-20,NA,10-23,10,13-0,7,11,2,3,30-1.4
http://vcuathletics.com/sports/mbkb/archives/198081_Stats,Turns,24-0,156,10-22,NA,4-11,27,26-0,9,7,4,1,27-1.1
http://vcuathletics.com/sports/mbkb/archives/198081_Stats,Eley,23-0, 135,5-14,NA,4-10,20, 17-0, 6, 6, 0, 1,14-0.6
http://vcuathletics.com/sports/mbkb/archives/198081_Stats, Faison, 12-0, 32,2-6,NA,3-9,6,4-0, 0,2,0,1,7-0.5
http://vcuathletics.com/sports/mbkb/archives/198081_Stats, Jones,20-0, 50,3-4,NA,1-3,5,8-0, 1, 0, 1, 1,7-0.4
http://vcuathletics.com/sports/mbkb/archives/198081_Stats, Hackett, 4-0,7,0-3,NA,0-0,0,0-0,0,0,1,0, 0-0.0
http://vcuathletics.com/sports/mbkb/archives/198081_Stats,"
Totals
","
29
","
5900
","
793-1563
",NA,"
411-576
",1014,"
459-8
","
471
","
357
","
86
","
139
","
1997-68.9
"
http://vcuathletics.com/sports/mbkb/archives/198081_Stats,"
Opponents
",29,5900,746-1633,NA,300-438,843,554-20,379,351,83,156,1792-61.8
http://vcuathletics.com/sports/mbkb/archives/198182_Stats,"
Knight
",28-28,1006,197-365,NA,79-109,74,55-2,75,58,5,17,473-16.9
http://vcuathletics.com/sports/mbkb/archives/198182_Stats,Stancell,28-27,966,168-305,NA,68-105,228,80-3,29,62,39,15,404-14.4
http://vcuathletics.com/sports/mbkb/archives/198182_Stats,Corker,28-23,830, 124-216,NA,48-68,177,90-4,18,56,3,14,296-10.6
http://vcuathletics.com/sports/mbkb/archives/198182_Stats,Duncan,28-7,629,74-179,NA,65-77,84,68-6,64,51,1,24,213-7.6
http://vcuathletics.com/sports/mbkb/archives/198182_Stats,Lamb,28-28,806,68-151,NA,39-54,55,78-7,125,77,9,50,175-6.3
http://vcuathletics.com/sports/mbkb/archives/198182_Stats,Schlegel,28-21,549, 40-78,NA,30-49,88, 62-0,13,32,3,7,110-3.9
http://vcuathletics.com/sports/mbkb/archives/198182_Stats,Brown,27-3,366,37-74,NA,11-16,80,36-0,8,36,3,11,85-3.1
http://vcuathletics.com/sports/mbkb/archives/198182_Stats,"Shropshire, G.",21-1,161,18-50,NA,8-14,20,11-0,14,7,0,4,44-2.1
http://vcuathletics.com/sports/mbkb/archives/198182_Stats,Jones,13-2,116,7-21,NA,9-16,18,11-0,2,4,1,2,23-1.8
http://vcuathletics.com/sports/mbkb/archives/198182_Stats,Davis,24-0,217,12-37,NA,10-14,10, 36-1,29,15,0,5,34-1.4
http://vcuathletics.com/sports/mbkb/archives/198182_Stats,Carr,18-0,62,6-15,NA,7-11,15,15-0, 1,7,0,0,19-1.1
http://vcuathletics.com/sports/mbkb/archives/198182_Stats,"Shropshire, D.",10-0,17,1-3,NA,6-8,1,3-0,0,2,0,0,8-0.8
http://vcuathletics.com/sports/mbkb/archives/198182_Stats,"
Totals
",28,"
5725
","
752-1495
",NA,"
380-535
",928,"
545-23
","
378
","
409
","
64
","
149
","
1884-67.3
"
http://vcuathletics.com/sports/mbkb/archives/198182_Stats,"
Opponents
", 28,5725,670-1470,NA,419-583,831,530-13,343,384,68,167,1759-62.8
http://vcuathletics.com/sports/mbkb/archives/198283_Stats,"
Duncan, Calvin
",31-31,1051-34,189-376,NA,145-175,162,54-2,123,94,3,26,539-17.4
http://vcuathletics.com/sports/mbkb/archives/198283_Stats,"Brown, Fred",31-31,1035-24,201-377,NA,77-106,234,78-2,38,41,14,32,405-13.1
http://vcuathletics.com/sports/mbkb/archives/198283_Stats,"Brown, Michael",31-31,986-32,150-283,NA,29-46,130,91-2,39,69,1,29,329-10.6
http://vcuathletics.com/sports/mbkb/archives/198283_Stats,"Lamb, Rolando",31-31,1015-33,67-154,NA,64-86,56,78-1,156,88,19,72,224-7.2
http://vcuathletics.com/sports/mbkb/archives/198283_Stats,"Corker, Randy",23-0,382-17,55-103,NA,50-65,66,61-3,6,26,3,6,161-7.0
http://vcuathletics.com/sports/mbkb/archives/198283_Stats,"Davis, Stanley",31-0,411-13,47-91,NA,16-30,36,33-1,23,26,1,19,114-3.7
http://vcuathletics.com/sports/mbkb/archives/198283_Stats,"Shropshire, Greg",21-0,140-7,15-31,NA,16-20,8,10-0,1,3,0,4,47-2.2
http://vcuathletics.com/sports/mbkb/archives/198283_Stats,"Evans, Butch",13-0,58-4,5-11,NA,7-9,0,6-0,9,11,2,2,17-1.3
http://vcuathletics.com/sports/mbkb/archives/198283_Stats,"McIntosh, Gary ",21-0,147-7,5-14,NA,10-23,27, 13-0,4,5,1,1,20-1.0
http://vcuathletics.com/sports/mbkb/archives/198283_Stats,"Swinton, Chico",8-0,24-3,1-3,NA,2-3,4, 6-0, 0, 2, 1, 0,4-0.5
http://vcuathletics.com/sports/mbkb/archives/198283_Stats,"
Totals
","
31
","
6275
","
810-1578
",NA,"
497-673
",986,"
517-12
","
411
","
425
","
60
","
210
","
2165-69.8
"
http://vcuathletics.com/sports/mbkb/archives/198283_Stats,"
Opponents
",31,6275,779-1688,NA,380-536,894,615-23,366,413,82,172,1988-64.1
http://vcuathletics.com/sports/mbkb/archives/198384_Stats,"
Duncan, Calvin
",29-26,965-33,141-322,NA,111-140,120,54-1,105,74,5,24,393-13.6
http://vcuathletics.com/sports/mbkb/archives/198384_Stats,"Schlegel, Mike",30-30,1000-33,127-231,NA,90-120,215,73-3,13,51,11,17,344-11.5
http://vcuathletics.com/sports/mbkb/archives/198384_Stats,"Brown, Michael",30-30,986-33,151-265,NA,34-56,131,62-1,46,33,2,28,336-11.2
http://vcuathletics.com/sports/mbkb/archives/198384_Stats,"Dickerson, Robert",30-0,555-19,95-187,NA,46-66,99,73-3,14,39,10,21,236-7.9
http://vcuathletics.com/sports/mbkb/archives/198384_Stats,"Lamb, Rolando ",29-20,695-23,69-131,NA,40-58,54, 41-1, 119, 60, 12, 47,178-5.9
http://vcuathletics.com/sports/mbkb/archives/198384_Stats,"Jones, Nicky",30-9,482-16,47-100,NA,36-49,53,44-0,87,45,1,21,130-4.3
http://vcuathletics.com/sports/mbkb/archives/198384_Stats,"Wake, Neil",30-29,635-21,46-90,NA,38-55,114,80-4,13,15,19,19,130-4.3
http://vcuathletics.com/sports/mbkb/archives/198384_Stats,"Davis, Stanley",29-5,300-10, 39-84,NA,9-20,32,17-0,25,18,0,6,87-3.0
http://vcuathletics.com/sports/mbkb/archives/198384_Stats,"Franco, Don",28-1,285-10,35-73,NA,13-28,39,20-0,16,33,1,8,83-3.0
http://vcuathletics.com/sports/mbkb/archives/198384_Stats,"Robinson, Alvin",4-0,36-9,4-6,NA,1-2,3,2-0,1,2,3,0,9-2.3
http://vcuathletics.com/sports/mbkb/archives/198384_Stats,"Allen, Bruce",14-0,86-6,10-20,NA,3-5,7,12-0,9,3,0,2,23-1.6
http://vcuathletics.com/sports/mbkb/archives/198384_Stats,"
Totals
","
30
","
6025
","
764-1507
",NA,"
421-599
",938,"
478-13
","
448
","
373
","
69
","
193
","
1949-65.0
"
http://vcuathletics.com/sports/mbkb/archives/198384_Stats,"
Opponents
", 30,6025,685-1483,NA,320-455,796, 551-19,368,402,92,150,1690-56.3
http://vcuathletics.com/sports/mbkb/archives/198485_Stats,"
Lamb, Rolando
",32-32,1114-35,210-391,NA,133-167,95,79-3,150,89,9,88,553-17.3
http://vcuathletics.com/sports/mbkb/archives/198485_Stats,"Duncan, Calvin",32-32,1140-36,183-379,NA,119-147,161, 63-1, 142, 102,4,30,485-15.2
http://vcuathletics.com/sports/mbkb/archives/198485_Stats,"Schlegel, Mike",32-32,1034-32,167-291,NA,80-119,260, 96-1, 46,54,10,18,414-12.9
http://vcuathletics.com/sports/mbkb/archives/198485_Stats,"Brown, Michael",32-32,1107-35,151-278,NA,43-67,136, 84-1,53,47,2,29,345-10.8
http://vcuathletics.com/sports/mbkb/archives/198485_Stats,"Dickerson, Robert",31-0,439-14,86-158,NA,30-42,66, 59-1, 4, 18, 5, 12,202-6.5
http://vcuathletics.com/sports/mbkb/archives/198485_Stats,"Wake, Neil",32-32,767-24,48-95,NA,55-78,135, 98-6,19,26,12,25,151-4.7
http://vcuathletics.com/sports/mbkb/archives/198485_Stats,"Reid, Darrell",24-0,174-7,16-28,NA,7-7,21, 38-1, 1,12,0,2,39-1.6
http://vcuathletics.com/sports/mbkb/archives/198485_Stats,"Robinson, Alvin",27-0,218-8,10-24,NA,16-27,50,42-0,2,12,14,3,36-1.3
http://vcuathletics.com/sports/mbkb/archives/198485_Stats,"Stinnie, Phil",26-0,131-5,11-31,NA,7-10,20,25-0,0,18,3,7,29-1.1
http://vcuathletics.com/sports/mbkb/archives/198485_Stats,"Allen, Bruce",25-0,132-5,8-23,NA,9-14,4, 10-0,19,10,1,6,25-1.0
http://vcuathletics.com/sports/mbkb/archives/198485_Stats,"Franco, Don",26-0,141-5,8-27,NA,8-18,14, 14-0, 6, 19, 0, 4,24-0.9
http://vcuathletics.com/sports/mbkb/archives/198485_Stats,"Black, Andy",10-0,19-2,2-8,NA,4-6,6,1-0,0,0,0,2,8-0.8
http://vcuathletics.com/sports/mbkb/archives/198485_Stats,"Still, David",5-0,9-2,1-3,NA,0-0,1, 2-0, 0, 0, 0, 0,2-0.4
http://vcuathletics.com/sports/mbkb/archives/198485_Stats,"
Totals
","
32
","
6425
","
901-1736
",NA,"
511-702
",1053,"
611-14
","
442
","
407
","
60
","
226
","
2313-72.3
"
http://vcuathletics.com/sports/mbkb/archives/198485_Stats,"
Opponents
",32,6425,792-1794,NA,421-644,1027, 649-28,367,466,95,182,2005-62.7
http://vcuathletics.com/sports/mbkb/archives/198586_Stats,"
Jones, Nicky
",28-28,1018-36,166-387,NA,94-115,144,85-5,120,85,1,71,426-15.2
http://vcuathletics.com/sports/mbkb/archives/198586_Stats,"Brown, Michael",28-28,1002-36,160-333,NA,39-61,139,57-1,39,62,3,26,359-12.8
http://vcuathletics.com/sports/mbkb/archives/198586_Stats,"Stinnie, Phil",28-26,922-33,138-300,NA,75-94,199,77-4,24,71,21,16,351-12.5
http://vcuathletics.com/sports/mbkb/archives/198586_Stats,"Allen, Bruce",27-23,895-33,106-228,NA,28-35,43, 50-1, 96,44,0,34,240-8.9
http://vcuathletics.com/sports/mbkb/archives/198586_Stats,"Robinson, Alvin",28-24,657-23,45-104,NA,53-82,137, 107-11, 16,40,42,7,143-5.1
http://vcuathletics.com/sports/mbkb/archives/198586_Stats,"Pettway, Bruce",27-4,293-11,32-68,NA,23-34,54,54-5,2,24,4,5,87-3.2
http://vcuathletics.com/sports/mbkb/archives/198586_Stats,"Franco, Don",26-4,256-10,20-62,NA,16-19,31,15-0,10,17,0,8,56-2.2
http://vcuathletics.com/sports/mbkb/archives/198586_Stats,"Black, Andy ",15-0,83-6,11-25,NA,7-8,8,8-0,7,7,0,1,29-1.9
http://vcuathletics.com/sports/mbkb/archives/198586_Stats,"Bender, Brian ",17-0,82-5,9-34,NA,7-8,10,3-0,3,6,0,1,25-1.5
http://vcuathletics.com/sports/mbkb/archives/198586_Stats,"Reid, Darrell",28-1,203-7,15-35,NA,6-14,41,37-1,13,17,0,7,36-1.3
http://vcuathletics.com/sports/mbkb/archives/198586_Stats,"Jennings, Willie",19-0,120-6,10-23,NA,5-18,27,21-0,1,10,7,4,25-1.3
http://vcuathletics.com/sports/mbkb/archives/198586_Stats,"Robinson, Bruce",8-0,18-2,4-12,NA,0-0,4, 2-0, 0, 2, 1,0,8-1.0
http://vcuathletics.com/sports/mbkb/archives/198586_Stats,"McGhee, Derrick",19-1,113-6,5-16,NA,5-10,15,16-0,7,13,0,1,15-0.8
http://vcuathletics.com/sports/mbkb/archives/198586_Stats,"Feazell, William",21-1,113-5,3-14,NA,5-6,26, 24-0,3,8,0,2,11-0.5
http://vcuathletics.com/sports/mbkb/archives/198586_Stats,"
Totals
","
28
","
5775
","
724-1641
",NA,"
363-504
",965,"
556-28
","
341
","
410
","
79
","
183
","
1811-64.7
"
http://vcuathletics.com/sports/mbkb/archives/198586_Stats,"
Opponents
", 28,5775,718-1533,NA,370-556,881,493-13,363,413,80,188,1806-64.5
http://vcuathletics.com/sports/mbkb/archives/198687_Stats,"
Stinnie, Phil
",31-31,966-31,177-349,3-7,105-144,75-158-233,103-3,33,--,20,32,462-14.9
http://vcuathletics.com/sports/mbkb/archives/198687_Stats,"Allen, Bruce",31-31,1069-35,151-360,53-138,47-71,15-59-74,61-0,133,--,2,47,402-13.0
http://vcuathletics.com/sports/mbkb/archives/198687_Stats,"Strayhorn, Pete",31-26,910-29,141-301,0-0,74-98,66-90-156,89-3,50,--,10,44,356-11.5
http://vcuathletics.com/sports/mbkb/archives/198687_Stats,"McGhee, Derrick",31-19,703-23,76-162,1-4,46-103,20-36-56,89-2,56,--,0,33,21.7-7.0
http://vcuathletics.com/sports/mbkb/archives/198687_Stats,"Hicks, Alvin",30-11,568-19,71-182,12-45,29-44,21-41-62,69-4,39,--,0,22,183-6.1
http://vcuathletics.com/sports/mbkb/archives/198687_Stats,"Thompson, John",24-2,403-17,51-99,0-0,32-47,38-57-95,52-1,9,--,3,12,134-5.6
http://vcuathletics.com/sports/mbkb/archives/198687_Stats,"Pettway, Bruce",31-14,407-13,52-131,0-0,41-67,36-59-95,70-2,7,--,3,15,145-4.7
http://vcuathletics.com/sports/mbkb/archives/198687_Stats,"Franco, Don",28-0,228-8,37-84,17-36,13-19,14-20-34,26-0,8,--,2,8,104-3.7
http://vcuathletics.com/sports/mbkb/archives/198687_Stats,"Robinson, Alvin",31-19,447-14,30-67,0-0,21-39,41-68-109,88-4,3,--,28,8,81-2.6
http://vcuathletics.com/sports/mbkb/archives/198687_Stats,"Black, Andy ",18-0,86-5,10-29,1-9,9-13,8-8-16,8-0,8,--,0,4,30-1.7
http://vcuathletics.com/sports/mbkb/archives/198687_Stats,"Feazell, William",27-4,269-10,16-38,0-0,13-21,32-41-73,43-2,6,--,2,11,45-1.7
http://vcuathletics.com/sports/mbkb/archives/198687_Stats,"Bender, Brian",9-0,22-2,4-6,1-3,1-2,1-2-3,1-0,0,--,0,0,"
10-1.1
"
http://vcuathletics.com/sports/mbkb/archives/198687_Stats," Henlan, Martin", 8-0, 34-4,3-9,0-0,2-4,4-8-12,4-0,2,--,1,0,8-1.0
http://vcuathletics.com/sports/mbkb/archives/198687_Stats,"Bacon, Lonel",17-0,76-5,4-21,2-8,3-4,2-1-3,6-0,9,--,0,6,13-0.8
http://vcuathletics.com/sports/mbkb/archives/198687_Stats,"Reid, Darrell",12-0,62-5,2-12, 0-0, 2-3,4-8-12,13-0,3,--,0,2,6-0.5
http://vcuathletics.com/sports/mbkb/archives/198687_Stats,"
Totals
","
31
","
6250
","
825-1850
","
90-250
","
456-679
","
411-696-1107
","
722-21
","
386
",--,"
71
","
244
","
2196-70.8
"
http://vcuathletics.com/sports/mbkb/archives/198687_Stats,"
Opponents
",31,6250,766-1643,83-242,546-800,325-696-1021,600-31,396,--,94,204,2161-69.7
http://vcuathletics.com/sports/mbkb/archives/198788_Stats,"
Stinnie
",34-34,1187-34.9,292-604,31-92,188-228,94-137-231,108-2,62,--,21,41,803-23.6
http://vcuathletics.com/sports/mbkb/archives/198788_Stats,Cheeks,35-35,1169-33.4,224-480,47-126,111-148,76-72-148,82-3,111,--,6,44,606-17.3
http://vcuathletics.com/sports/mbkb/archives/198788_Stats,Thompson,35-35,1097-31.3,149-268,0-0,71-95,116-163-279,76-1,33,--,15,32,369-10.5
http://vcuathletics.com/sports/mbkb/archives/198788_Stats,Wilson,35-16,678-19.4,87-186,8-30,50-71,24-51-75,95-5,65,--,3,28,232-6.6
http://vcuathletics.com/sports/mbkb/archives/198788_Stats,Bacon,35-10,807-23.1,86-215,21-60,37-48,18-49-67,42-0,90,--,0,26,230-6.6
http://vcuathletics.com/sports/mbkb/archives/198788_Stats,Pettway,27-15,347-12.9,47-90,0-0,19-33,23-44-67,54-3,3,--,7,8,113-4.2
http://vcuathletics.com/sports/mbkb/archives/198788_Stats,Henlan,35-9,559-16.0,60-125,0-0,19-40,84-111-195,103-4,9,--,23,5,139-4.0
http://vcuathletics.com/sports/mbkb/archives/198788_Stats,McGhee,35-10,555-15.9,52-116,9-35,27-44,23-38-61,92-6,58,--,1,30,140-4.0
http://vcuathletics.com/sports/mbkb/archives/198788_Stats,Bryant,31-11,"
315-10.2
",33-79,0-0,17-33,40-27-67,25-0,21,--,6,11,83-2.7
http://vcuathletics.com/sports/mbkb/archives/198788_Stats,Brown,35-1,256-7.3,11-36,0-0,21-30,17-32-49,25-0,21,--,2,17,43-1.2
http://vcuathletics.com/sports/mbkb/archives/198788_Stats,Alford,14-0,25-1.8,5-10, 0-0,2-3,1-3-4,5-0,1,--,1,1,12-0.9
http://vcuathletics.com/sports/mbkb/archives/198788_Stats,Reid,7-0,30-4.3,1-6,0-0,1-3,0-7-7,3-0,1,--,0,3,3-0.4
http://vcuathletics.com/sports/mbkb/archives/198788_Stats,"
Totals
","
35
","
7025
","
1047-2215
","
116-343
","
563-776
","
565-789-1354
","
750-27
","
461
","
--
","
85
","
246
","
2773-79.2
"
http://vcuathletics.com/sports/mbkb/archives/198788_Stats,"
Opponents
", 35, 7025, 949-1982,128-380,565-803,380-707-1087,676-23,497,--,88,245,2597-74.0
http://vcuathletics.com/sports/mbkb/archives/198889_Stats,"
Cheeks
",28-28,978-34.9,246-520,49-130,126-165,74-60-134,88-4,82,--,5,49,667-23.8
http://vcuathletics.com/sports/mbkb/archives/198889_Stats,Bacon,28-27,915-32.7,160-368,39-103,59-80,30-70-100,31-0,78,--,1,46,418-14.9
http://vcuathletics.com/sports/mbkb/archives/198889_Stats,Henlan,28-25,878-31.4,117-242,0-0,41-67,71-182-253,95-6,35,--,28,29,275-9.8
http://vcuathletics.com/sports/mbkb/archives/198889_Stats,Wilson,28-28,861-30.8,105-236,8-28,54-87,37-63-100,89-5,115,--,6,48,272-9.7
http://vcuathletics.com/sports/mbkb/archives/198889_Stats,Thompkins,28-0,453-16.2,83-163,3-13,14-19,44-52-96,45-0,15,--,1,10,183-6.5
http://vcuathletics.com/sports/mbkb/archives/198889_Stats,Ford,23-16,565-24.6,56-141,0-0,24-38,55-91-146,92-6,18,--,54,14,136-5.9
http://vcuathletics.com/sports/mbkb/archives/198889_Stats, Brown,2-0,38-19.0,3-8,0-0,5-7,4-6-10,3-0,1,--,0,2,11-5.5
http://vcuathletics.com/sports/mbkb/archives/198889_Stats, Stewart,18-0,111-6.2,24-67,12-35,7-11,5-4-9,18-0,5,--,0,5,67-3.7
http://vcuathletics.com/sports/mbkb/archives/198889_Stats, Scruggs,27-10,292-10.8,28-71,0-0,20-30,33-34-67,48-3,5,--,9,6,76-2.8
http://vcuathletics.com/sports/mbkb/archives/198889_Stats,Alford,25-3,296-11.8,23-55,0-0,10-27,32-40-72,42-0,5,--,3,16,56-2.2
http://vcuathletics.com/sports/mbkb/archives/198889_Stats,Bryant ,7-0,40-5.7,5-10,0-0,2-3,4-8-12,10-0,0,--,1,1,12-1.7
http://vcuathletics.com/sports/mbkb/archives/198889_Stats,Borden,24-2,148-6.2,13-26,0-1,3-7,13-9-22,20-0,4,--,2,5,29-1.2
http://vcuathletics.com/sports/mbkb/archives/198889_Stats,McGhee,18-1,52-2.9,4-6,1-1,3-10,1-1-2,10-0,3,--,0,0,12-0.7
http://vcuathletics.com/sports/mbkb/archives/198889_Stats,Fishburne,10-0,21-2.1,0-9,0-3,1-3,1-2-3,3-0,5,--,0,3,1-0.1
http://vcuathletics.com/sports/mbkb/archives/198889_Stats,Weinstein,2-0,2-1.0,0-1,0-0,0-0,1-0-1,0-0,0,--,0,0,0-0.0
http://vcuathletics.com/sports/mbkb/archives/198889_Stats,"
Totals
","
28
","
5650
","
867-1923
","
112-314
","
369-554
","
449-671-1120
","
594-24
","
371
","
--
","
110
","
234
","
2215-79.1
"
http://vcuathletics.com/sports/mbkb/archives/198889_Stats,"
Opponents
", 28,5650,792-1664,130-367,494-686,327-701-1028,499-11,402,--, 86, 156,2208-78.9
http://vcuathletics.com/sports/mbkb/archives/198990_Stats,"
Lewis
",25-23,701-28.0,144-309,16-59,43-62,43-88-131,38-0,53,--,1,29,347-13.9
http://vcuathletics.com/sports/mbkb/archives/198990_Stats,Bacon,28-26,722-25.8,111-274,24-89,34-47,43-55-98,28-0,38,--,0,27,280-10.0
http://vcuathletics.com/sports/mbkb/archives/198990_Stats,Henlen,28-26,733-26.2,90-201,0-1,22-39,75-140-215,65-0,23,--,35,18,202-7.2
http://vcuathletics.com/sports/mbkb/archives/198990_Stats,Weldon,28-27,782-27.9,61-140,10-28,59-95,7-43-50,39-0,152,--,1,36,191-6.8
http://vcuathletics.com/sports/mbkb/archives/198990_Stats,Thompkins,25-6,341-13.6,62-114,3-9,25-27,22-43-65,31-0,13,--,2,3,152-6.1
http://vcuathletics.com/sports/mbkb/archives/198990_Stats,Garner,28-3,382-13.6,57-123,29-72,24-25,5-28-33,14-0,42,--,0,15,167-6.0
http://vcuathletics.com/sports/mbkb/archives/198990_Stats,Uhle,28-21,645-23.0,67-144,1-9,21-33,42-62-104,63-3,16,--,8,10,156-5.6
http://vcuathletics.com/sports/mbkb/archives/198990_Stats,Brower,26-0,338-13.0,51-132,35-98,0-6,6-18-24,26-0,33,--,2,8,137-5.3
http://vcuathletics.com/sports/mbkb/archives/198990_Stats,Reddish,28-6,523-18.7,42-92,0-0,38-63,33-42-75,84-3,22,--,3,21,122-4.4
http://vcuathletics.com/sports/mbkb/archives/198990_Stats,Alford,24-1,323-13.5,27-63,0-1,7-17, 27-41-68,44-1,16,--,8,20,61-2.5
http://vcuathletics.com/sports/mbkb/archives/198990_Stats,Reliford,9-2,66-7.3,9-21,0-0,2-2,7-8-15,5-0,2,--,2,1,20-2.2
http://vcuathletics.com/sports/mbkb/archives/198990_Stats,Whitley,19-0,121-6.4,9-27,2-6,6-8,3-7-10,7-0,3,--,0,2,26-1.4
http://vcuathletics.com/sports/mbkb/archives/198990_Stats,Borden,6-0,23-3.8,0-4,0-0,0-2,2-1-3,0-0,2,--,0,0,0-0.0
http://vcuathletics.com/sports/mbkb/archives/198990_Stats,"
Totals
","
28
","
5700
","
730-1644
","
120-372
","
281-426
","
349-605-954
","
444-7
","
415
","
--
","
62
","
190
","
1861-66.5
"
http://vcuathletics.com/sports/mbkb/archives/198990_Stats,"
Opponents
", 28,5700,746-1625,129-387,318-452,330-653-983,432-4,442,--,67,182,1939-69.3
http://vcuathletics.com/sports/mbkb/archives/199091_Stats,"
Warren
",31-30,871-28.1,204-377,1-8,79-156,103-162-265,95-4,4,51,86,35,488-15.7
http://vcuathletics.com/sports/mbkb/archives/199091_Stats,Atkins,31-29,1006-32.5,175-362,8-36,72-122,56-111-167,71-0,80,71,20,29,430-13.9
http://vcuathletics.com/sports/mbkb/archives/199091_Stats,Lewis,21-9,483-23.0,81-187,17-43,33-49,28-53-81,35-0,44,50,3,32,212-10.1
http://vcuathletics.com/sports/mbkb/archives/199091_Stats,Thompkins,31-12,542-17.5,108-229,28-66,36-39,45-61-106,35-0,26,27,1,13,280-9.0
http://vcuathletics.com/sports/mbkb/archives/199091_Stats,Mills,24-6,378-15.8,53-93,0-0,24-33,22-72-94,46-1,12,31,30,8,130-5.4
http://vcuathletics.com/sports/mbkb/archives/199091_Stats,Ladd,31-26,747-24.1,44-113,36-108,32-51,4-45-49,46-2,108,85,1,23,156-5.0
http://vcuathletics.com/sports/mbkb/archives/199091_Stats,Brower,30-8,444-14.8,49-118,29-71,15-18,8-29-37,57-1,59, 52, 1, 12,142-4.7
http://vcuathletics.com/sports/mbkb/archives/199091_Stats,Garner,27-0,301-11.1,39-95,25-63,16-23,5-19-24,18-1,48,40,3,9,119-4.4
http://vcuathletics.com/sports/mbkb/archives/199091_Stats,Uhle,31-14,535-17.3,56-125,0-1,20-30,57-70-127,69-0,15,38,3,9,132-4.3
http://vcuathletics.com/sports/mbkb/archives/199091_Stats,Whitley,28-14,384-13.7,42-105,8-19,26-39,13-39-52,31-0,26,37,3,23,118-4.2
http://vcuathletics.com/sports/mbkb/archives/199091_Stats,Bonato,22-3,203-9.2,29-54,0-4,25-42,18-26-44,17-0,28,28,0,3,83-3.8
http://vcuathletics.com/sports/mbkb/archives/199091_Stats,Reddish,26-3,266-10.2,17-47,0-0,27-44,25-30-55,55-1,14,26,5,17,61-2.3
http://vcuathletics.com/sports/mbkb/archives/199091_Stats,Weldon,2-1,25-12.5,0-1,0-0,2-4,0-1-1,3-0,6,3,1,1,2-1.0
http://vcuathletics.com/sports/mbkb/archives/199091_Stats,Pepeliaev,10-0,26-2.6,4-7,0-0,1-2, 2-6-8,7-0,3,7,4,0,9-0.9
http://vcuathletics.com/sports/mbkb/archives/199091_Stats,Meredith,5-0,13-2.6,1-2,0-0,2-2,0-0-0, 0-0,0,1,0,1,4-0.8
http://vcuathletics.com/sports/mbkb/archives/199091_Stats,Weinstien,1-0,1-1.0,0-0,0-0,0-0,0-0-0,0-0,0,0,0,0,0-0.0
http://vcuathletics.com/sports/mbkb/archives/199091_Stats,"
Totals
","
31
","
6225
","
902-1935
","
152-419
","
410-654
","
438-785-1223
","
585-10
","
520
","
582
","
140
","
215
","
2366-76.3
"
http://vcuathletics.com/sports/mbkb/archives/199091_Stats,"
Opponents
", 31,6225,904-2058,155-441,475-713,504-727-1231,573-18,507,502,79,283,2438-78.6
http://vcuathletics.com/sports/mbkb/archives/199192_Stats,"
Warren, Kendrick
",29-29,979-33.8,229-422,0-1,92-181,101-175-276,90-1,62,98,44,51,550-19.0
http://vcuathletics.com/sports/mbkb/archives/199192_Stats,"Mills, Sherron", 29-28,920-31.7, 150-298,1-3,72-103,75-141-216,78-1,50,83,55,17,373-12.0
http://vcuathletics.com/sports/mbkb/archives/199192_Stats,"Atkins, Eric",28-28,922-32.9,121-257,6-20,58-92,68-99-167,73-3,89,55,2,17,306-10.9
http://vcuathletics.com/sports/mbkb/archives/199192_Stats,"Ladd, Ron",29-24, 787-27.1,89-238,67-179,43-62,11-48-59,47-0,60,53,0,25,288-9.9
http://vcuathletics.com/sports/mbkb/archives/199192_Stats,"Brower, Chris",29-7,613-21.1,78-182,57-138,40-50,5-40-45,59-2,45,50,1,21,253-8.7
http://vcuathletics.com/sports/mbkb/archives/199192_Stats,"Weldon, Carl",28-27,894-31.9,66-151,24-64,51-71,9-69-78,63-1,98,70,7,52,207-7.4
http://vcuathletics.com/sports/mbkb/archives/199192_Stats,"McCoy, Tyron",29-2,533-18.4,62-129,3-6,24-35,51-42-93,42-0,29,31,0,15,151-5.2
http://vcuathletics.com/sports/mbkb/archives/199192_Stats,"Callins, Henry",15-0,54-3.6,6-17,2-6,2-2,5-5-10,3-0,7,7,0,3,16-1.1
http://vcuathletics.com/sports/mbkb/archives/199192_Stats,"Pepeliaev, Konstantin",21-0,110-5.2,9-23,0-0,3-7,10-14-24,21-0,3,9,6,2,21-1.0
http://vcuathletics.com/sports/mbkb/archives/199192_Stats,"Ashby, Rodney",15-0,37-2.5,3-6, 0-0,0-0,4-5-9,7-0,1,4,0,0,6-0.4
http://vcuathletics.com/sports/mbkb/archives/199192_Stats,Mancuso, 1-0,1-1.0,0-0,0-0,0-0,0-0-0,0-0,0,0,0,0,0-0.0
http://vcuathletics.com/sports/mbkb/archives/199192_Stats,"
Totals
","
29
","
5850
","
813-1723
","
160-417
","
385-603
","
372-683-1055
","
483-8
","
444
","
460
","
115
","
193
","
2171-74.9
"
http://vcuathletics.com/sports/mbkb/archives/199192_Stats,"
Opponents
", 29, 5850, 839-1880,145-420,359-547,456-646-1102,565-19,414,436,70,218,2182-75.2
http://vcuathletics.com/sports/mbkb/archives/199293_Stats,"
Warren, Kendrick
",19-19,573-30.2,142-283,3-15,48-92,58-114-172,48-0,37,47,25,31,335-17.6
http://vcuathletics.com/sports/mbkb/archives/199293_Stats,"Mills, Sherron",30-18,902-30.1,196-348,0-5,70-100,79-174-253,70-2,50,56,49,22,462-15.4
http://vcuathletics.com/sports/mbkb/archives/199293_Stats,"McCoy, Tyron",30-30,939-31.3,174-330,42-97,36-60,68-79-147,61-0,56,48,7,44,426-14.2
http://vcuathletics.com/sports/mbkb/archives/199293_Stats,"Harris, Kenny",30-30,922-30.7,110-260,60-155,58-89,13-74-87,74-0,188,89,3,33,339-11.3
http://vcuathletics.com/sports/mbkb/archives/199293_Stats,"Gibson, Terrance",30-22,715-23.8, 80-192,33-85,32-48,40-64-104,71-2,97,52,12,49,225-7.5
http://vcuathletics.com/sports/mbkb/archives/199293_Stats,"Brower, Chris",30-7,480-16.0,62-159,54-137,14-21,11-25-36,40-0,42,28,1,17,192-6.4
http://vcuathletics.com/sports/mbkb/archives/199293_Stats,"Kissourine, Eugene",30-23,722-24.1, 69-147,9-28,34-66,69-103-172,87-4,36,50,21,22,181-6.0
http://vcuathletics.com/sports/mbkb/archives/199293_Stats,"Hargett, Mike",23-1,290-12.6,32-100,17-57,20-25, 12-20-32,36-0,37,33,0,10,101-4.4
http://vcuathletics.com/sports/mbkb/archives/199293_Stats,"Washington, Kareem",25-0,225-9.0,23-48,1-1,12-19,14-19-33,33-0,10,20,0,12,59-2.4
http://vcuathletics.com/sports/mbkb/archives/199293_Stats,"Mount, Rich",10-0,26-2.6,4-11,0-0,6-6,4-1-5,3-0,2,2,0,4,14-1.4
http://vcuathletics.com/sports/mbkb/archives/199293_Stats,Ashby Rodney,23-0,195-8.5,13-27,0-0,3-12,17-30-47,25-1,7,11,0,1,29-1.3
http://vcuathletics.com/sports/mbkb/archives/199293_Stats,"Barnes, James",4-0,4-1.0,2-2,0-0,0-0,0-1-1,0-0,0,2,0,1,4-1.0
http://vcuathletics.com/sports/mbkb/archives/199293_Stats,"Mobley, Alvin",10-0,49-4.9,2-12,0-1,3-4,4-7-11,10-0,4,10,4,3,7-0.7
http://vcuathletics.com/sports/mbkb/archives/199293_Stats,"Osborne, Bob",8-0,13-1.6,1-3,0-0,2-4,1-2-3,2-0,0,1,0,0,4-0.5
http://vcuathletics.com/sports/mbkb/archives/199293_Stats,"Konstantin, Pepelia",7-0,20-2.9,0-4, 0-0,1-2,2-4-6,3-0,1,3,2,3,1-0.1
http://vcuathletics.com/sports/mbkb/archives/199293_Stats,"
Totals
","
30
",,"
910-1926
","
219-581
","
340-548
","
427-765-1195
","
563-9
","
567
","
452
","
124
","
251
","
2379-79.3
"
http://vcuathletics.com/sports/mbkb/archives/199293_Stats,"
Opponents
", 30, ,770-1824,187-508,427-647,414-708-1122,515-11,419,489,71,210,2154-71.8
http://vcuathletics.com/sports/mbkb/archives/199394_Stats,"Warren, Kendrick",27-27,889-32.9,195-366,2-4,93-195,113-223-336,90-4,54,78,59,41,485-18.0
http://vcuathletics.com/sports/mbkb/archives/199394_Stats,"McCoy, Tyron",27-27,932-34.5,137-320,39-145,111-134,42-87-129,59-1,61,76,7,40,424-15.7
http://vcuathletics.com/sports/mbkb/archives/199394_Stats,"Harris, Kenny",27-27,926-34.3,130-325,90-228,62-75,14-56-70,68-1,164,105,1,31,412-15.3
http://vcuathletics.com/sports/mbkb/archives/199394_Stats,"Gibson, Terrance",27-27,868-32.1,112-265,49-128,59-84,58-72-130,82-7,73,59,6,38,332-12.3
http://vcuathletics.com/sports/mbkb/archives/199394_Stats,"Ashby, Rodney",27-27,651-24.1,79-150,1-1,18-34,52-66-118,70-1,34,59,7,21,177-6.6
http://vcuathletics.com/sports/mbkb/archives/199394_Stats,"Byrd, George",23-0,298-13.0,41-68,0-0,23-35,31-53-84,39-0,12,24,8,8,105-4.6
http://vcuathletics.com/sports/mbkb/archives/199394_Stats,"Washington, Kareem",27-0,432-16.0,33-82,5-18,18-25,29-23-52,51-0,23,32,5,12,89-3.3
http://vcuathletics.com/sports/mbkb/archives/199394_Stats,"Jackson, Marc",22-0,276-12.5,23-52,0-0,12-21,16-51-67,35-0,9,14,14,4,58-2.6
http://vcuathletics.com/sports/mbkb/archives/199394_Stats,"Davis, Keith",21-0,102-4.9,4-20,1-10,5-8,3-6-9,9-0,16,20,0,3,14-0.7
http://vcuathletics.com/sports/mbkb/archives/199394_Stats,"Chaney, David",6-0,7-1.2,2-3,0-1,0-0,1-1-2,0-0,1,6,0,1,7-0.7
http://vcuathletics.com/sports/mbkb/archives/199394_Stats,"Osborne, Bob",8-0,41-5.1,1-5,0-0,1-2,6-2-8,11-0,1,6,0,1,3-0.4
http://vcuathletics.com/sports/mbkb/archives/199394_Stats,"Cerqueira, John",1-0,1-1.0, 0-0,0-0,0-0,0-0-0,0-0,0,0,0,0,0-0.0
http://vcuathletics.com/sports/mbkb/archives/199394_Stats,"Bostian, Greg",0-0,0-0.0,0-0,0-0,0-0,0-0-0,0-0,0,0,0,0,0-0.0
http://vcuathletics.com/sports/mbkb/archives/199394_Stats,"Dickerson, William",0-0,0-0.0,0-0,0-0,0-0,0-0-0,0-0,0,0,0,0,0-0.0
http://vcuathletics.com/sports/mbkb/archives/199394_Stats,"Barnes, James",0-0,0-0.0,0-0,0-0,0-0,0-0-0,0-0,0,0,0,0,0-0.0
http://vcuathletics.com/sports/mbkb/archives/199394_Stats,"
Totals
","
27
","
5425
","
757-1656
","
187-535
","
402-613
","
411-690-1101
","
514-14
","
448
","
474
","
107
","
199
","
2103-77.9
"
http://vcuathletics.com/sports/mbkb/archives/199394_Stats,"
Opponents
", 27,5425,743-1729,187-499,397-556,384-618-1002,522,403,381,89,188,2070-76.7
http://vcuathletics.com/sports/mbkb/archives/199495_Stats,"
McCoy, Tyron
",30-30,1030-34.3,152-361,152-361,92-120,47-58-105,67-2,84,96,10,47,455-15.2
http://vcuathletics.com/sports/mbkb/archives/199495_Stats,"Hopkins, Benard",30-30,896-29.9,172-294,0-2,68-117,101-153-254,95-1,66,87,17,40,412-13.7
http://vcuathletics.com/sports/mbkb/archives/199495_Stats,"Byrd, George",30-29,904-30.1,137-235,1-2,52-117,89-129-218,90-1,28,78,27,24,327-10.9
http://vcuathletics.com/sports/mbkb/archives/199495_Stats,"Hamilton, Sherman",30-30,962-32.1,89-235,50-143,33-54,23-81-104,64-0,147,112,9,45,261-8.7
http://vcuathletics.com/sports/mbkb/archives/199495_Stats,"Chappell, Ivan",30-10,726-24.2,90-220,27-80,26-58,39-56-95,37-0,27,42,3,23,233-7.8
http://vcuathletics.com/sports/mbkb/archives/199495_Stats,"Peabody, Ben",25-20,574-23.0,55-127,10-30,35-62,22-48-70,56-0,49,39,20,18,155-6.2
http://vcuathletics.com/sports/mbkb/archives/199495_Stats,"Talley, Marlow",30-0,402-13.4,47-102,10-25,22-31,35-37-72,69-2,27,48,12,25,126-4.2
http://vcuathletics.com/sports/mbkb/archives/199495_Stats,"Davis, Keith",20-0,313-15.7,18-48,11-28,6-13,11-22-33,41-0,39,30,8,1,53-2.7
http://vcuathletics.com/sports/mbkb/archives/199495_Stats,"Smith, John",15-1,172-11.5,18-47,0-1,15-30,14-21-35,23-0,5,19,8,1,51-3.4
http://vcuathletics.com/sports/mbkb/archives/199495_Stats,"Martin, Joe",12-0,33-2.8,6-17,2-3,8-18,4-3-7,8-0,5,2,0,2,22-1.8
http://vcuathletics.com/sports/mbkb/archives/199495_Stats,"Dickerson, Will",7-0,16-2.3,1-4,0-0,0-0,1-1-2,3-0,1,3,0,3,2-0.3
http://vcuathletics.com/sports/mbkb/archives/199495_Stats,"Bostian, Greg",7-0,9-1.3,0-0,0-0,1-2,0-1-1,0-0,0,3,0,1,1-0.1
http://vcuathletics.com/sports/mbkb/archives/199495_Stats,"Chaney, David",9-0,11-1.2, 0-2,0-2, 0-2,0-3-3,0-0,0,1,0, 0,0-0.0
http://vcuathletics.com/sports/mbkb/archives/199495_Stats," Vouglaridis, Marios",1-0,1-1.0,0-0,0-0,0-0,1-0-1,0-0,0, 1, 0,0,0-0.0
http://vcuathletics.com/sports/mbkb/archives/199495_Stats,"Hofstede, Diederik",1-0,1-1.0,0-0,0-0,0-0,0-0-0,0-0,0,0,0,0,0-0.0
http://vcuathletics.com/sports/mbkb/archives/199495_Stats,"Long, Colin",1-0,1-1.0,0-0,0-0,0-0,0-0-0,0-0,0,0,0,0,0-0.0
http://vcuathletics.com/sports/mbkb/archives/199495_Stats,"
Totals
","
30
","
6050
","
785-1692
","
170-474
","
358-624
","
443-690-1133
","
553-6
","
475
","
561
","
115
","
244
","
2098-69.9
"
http://vcuathletics.com/sports/mbkb/archives/199495_Stats,"
Opponents
", 30,6050,782-1755,154-481,359-546,397-629-1026,551, 402, 483, 102,265,2077-69.2
http://vcuathletics.com/sports/mbkb/archives/199596_Stats,"
Hopkins, Benard
",33-33,964-29.2,224-400,2-6,88-142,118-215-333,91-3,73,94,15,32,538-16.3
http://vcuathletics.com/sports/mbkb/archives/199596_Stats,"Hamilton, Sherman",33-33,964-29.2,119-286,61-174,62-95,27-63-90,54-0,143,104,6,44,361-11.0
http://vcuathletics.com/sports/mbkb/archives/199596_Stats,"Chappell, Ivan",33-33,934-28.3,122-242,19-67,69-98,50-79-129,47-2,41,50,3,24,332-10.1
http://vcuathletics.com/sports/mbkb/archives/199596_Stats,"Byrd, George",33-32,895-27.1,104-206,0-3,92-145,105-118-223,85-2,27,56,61,18,300-9.1
http://vcuathletics.com/sports/mbkb/archives/199596_Stats,"Lee, Patrick",32-19,688-21.5,83-205,27-93,46-61,35-68-103,49-0,76,54,16,43,239-7.5
http://vcuathletics.com/sports/mbkb/archives/199596_Stats,"Peabody, Ben",33-14,563-17.1,65-145,13-33,57-92,31-54-85,40-0,37,40,7,23,200-6.1
http://vcuathletics.com/sports/mbkb/archives/199596_Stats,"Talley, Marlow", 33-1, 466-14.1, 77-154,2-10,24-36,55-52-107,63-0,32,50,11,11,180-5.5
http://vcuathletics.com/sports/mbkb/archives/199596_Stats,"Marston, Scott",33-0,295-8.9,33-78,14-42,27-33,10-22-32,30-0,14,26,1,6,107-3.2
http://vcuathletics.com/sports/mbkb/archives/199596_Stats,"Reed, Marcus",32-0,370-11.6,33-96,12-41,13-28,19-36-55,41-0,43,37,2,24,91-2.8
http://vcuathletics.com/sports/mbkb/archives/199596_Stats,"Smith, John",31-0,324-10.5,24-66,0-0,18-29,17-38-55, 39-0, 12, 27, 7, 11, 66-2.1
http://vcuathletics.com/sports/mbkb/archives/199596_Stats,"Ridges, Tryrian",13-0,139-10.7,4-25,2-12,7-14,1-6-7,12-0,15,16,0,10,17-1.3
http://vcuathletics.com/sports/mbkb/archives/199596_Stats,"Martin, Joe",10-0,19-1.9,2-4,0-1,2-4,1-3-4,2-0, 0, 3,0,0, 6-0.6
http://vcuathletics.com/sports/mbkb/archives/199596_Stats,"Wood, Chris",3-0,3-1.0,0-1,0-1,0-0,0-1-1,0-0,0,0,0,0,0-0.0
http://vcuathletics.com/sports/mbkb/archives/199596_Stats,"
Totals
","
33
","
6625
","
890-1908
","
153-483
","
505-777
","
519-809-1328
","
553-7
","
513
","
557
","
129
","
246
","
2438-73.9
"
http://vcuathletics.com/sports/mbkb/archives/199596_Stats,"
Opponents
",33,6625,810-1932,200-598,370-555,401-654-1055,650,416,529,106,265,2190-66.4
http://vcuathletics.com/sports/mbkb/archives/199697_Stats,"
Lee, Patrick
",27-26,837-31.0,147-313,62-130,78-98,41-101-142,66-2,89,63,18,42,434-16.1
http://vcuathletics.com/sports/mbkb/archives/199697_Stats,"Archie, Torrance",27-27,709-26.3,100-189,1-1,75-125,57-100-157,80-3,37,54,8,17,276-10.2
http://vcuathletics.com/sports/mbkb/archives/199697_Stats,"Byrd, George",20-11,547-27.4,85-150,0-0,34-71,61-82-143,43-0,30,38,20,7,204-10.2
http://vcuathletics.com/sports/mbkb/archives/199697_Stats,"Reed, Marcus",27-19,793-29.4,95-222,40-104,38-51,19-63-82,53-0,55,50,6,34,268-9.9
http://vcuathletics.com/sports/mbkb/archives/199697_Stats,"Hamilton, Sherman",27-27,911-33.7,89-220,41-125,39-69,28-78-106,55-2,127,58,3,35,258-9.6
http://vcuathletics.com/sports/mbkb/archives/199697_Stats,"Brooks, Mylo",26-5,474-18.2,71-142,3-7,41-53,30-74-104,45-1,8,31, 18, 7, 186-7.2
http://vcuathletics.com/sports/mbkb/archives/199697_Stats," Drake, Melvin",27-11,485-18.0,45-106,4-28,24-39,24-44-68,35-0,65,57,4,27,118-4.4
http://vcuathletics.com/sports/mbkb/archives/199697_Stats,"Moore, Simon",26-9,345-13.3,38-79,0-0,26-42,30-60-90,57-0,11,31,11,12,102-3.9
http://vcuathletics.com/sports/mbkb/archives/199697_Stats,"Marston, Scott",18-0,112-6.2,6-32,4-19,6-9,3-7-10,9-0,4,6,1,0,22-1.2
http://vcuathletics.com/sports/mbkb/archives/199697_Stats,"Miles, Kevin", 15-0,68-4.5,5-18,0-0,5-6,10-9-19,13-0,1,6,2,1,15-1.0
http://vcuathletics.com/sports/mbkb/archives/199697_Stats,"Shelton, Robert",13-0,111-8.5,5-23,4-17,0-0,1-9-10,3-0,5,3,0,3,13-1.6
http://vcuathletics.com/sports/mbkb/archives/199697_Stats,"Griggs, Roderick",12-0,33-2.8,0-4,0-3,0-0,0-0-0,0-0,0,0,0,0,0-0.0
http://vcuathletics.com/sports/mbkb/archives/199697_Stats,"
Totals
","
27
","
5450
","
689-1507
","
160-437
","
372-571
","
345-671-1016
","
463-8
","
434
","
402
","
91
","
186
","
1910-70.7
"
http://vcuathletics.com/sports/mbkb/archives/199697_Stats,"
Opponents
",27, 5450,693-1606,157-488,309-483,348-583-931,489,344,350,79,189,1852-68.6
http://vcuathletics.com/sports/mbkb/archives/199798_Stats,"
Brooks, Mylo
",28-23,585-20.9,109-226,7-18,70-92,143,46-3,19,55,38,8,295-10.5
http://vcuathletics.com/sports/mbkb/archives/199798_Stats,"Archie, Torrance",28-28,811-29.0,98-183,1-2,83-137,181,89-4,31, 66, 12,32,280-10.0
http://vcuathletics.com/sports/mbkb/archives/199798_Stats,"Lilly, Scott",28-28,898-32.1,77-214,51-148,25-40,79,39-0,69,58,3,19,230-8.2
http://vcuathletics.com/sports/mbkb/archives/199798_Stats," Mills, Randy",27-8,628-23.3,75-165,34-83,40-54,80,39-1,35,43,12,21,224-8.3
http://vcuathletics.com/sports/mbkb/archives/199798_Stats,"Drake, Melvin",27-12,623-23.1,85-161,3-18,44-68,127, 59-2,91,78,5,38,"
217-8.0
"
http://vcuathletics.com/sports/mbkb/archives/199798_Stats,"Taylor, LaMar",20-18,606-30.3,62-202,20-84,28-42,55,57-1,89,79,5,31,172-8.6
http://vcuathletics.com/sports/mbkb/archives/199798_Stats,"Kodjoe, Patrick",28-22,692-24.7,60-163,15-64,10-19,140,64-1,16,40,12,17,145-5.2
http://vcuathletics.com/sports/mbkb/archives/199798_Stats,"Hoggatt, Hunter",28-0,442-15.3,40-144,29-109,9-13,39,26-0,12,13,0,12,118-4.2
http://vcuathletics.com/sports/mbkb/archives/199798_Stats,"Moore, Simon",24-1,329-13.7,38-88,1-3,29-45,92,51-0,12,21,19,6,106-4.4
http://vcuathletics.com/sports/mbkb/archives/199798_Stats,"Whitlow, Chris",6-0,9-1.5,0-1,0-0,0-0,2,0-0,0,0,0,0,0-0.0
http://vcuathletics.com/sports/mbkb/archives/199798_Stats,"Carmon, Major",1-0,2-2.0,0-2,0-1,0-0,0,0-0,0,0,0,0,0-0.0
http://vcuathletics.com/sports/mbkb/archives/199798_Stats,"
Totals
","
28
","
5625
","
644-1549
","
161-530
","
338-510
",1031,"
470-12
","
374
","
374
","
103
","
184
","
1787-63.8
"
http://vcuathletics.com/sports/mbkb/archives/199798_Stats,"
Opponents
",28,5625,673-1569,192-526,341-510,952, 461, 390, 380, 94,231, 1879-67.1
http://vcuathletics.com/sports/mbkb/archives/199899_Stats,"
Jones, Bo
",31-16,859-27.7,150-391,72-199,71-91,81,43-0,63,64,1,29,443-14.3
http://vcuathletics.com/sports/mbkb/archives/199899_Stats,"Taylor, LaMar",31-20,987-31.8,107-266,55-124,80-106,117,60-0,194,120,0,60,349-11.3
http://vcuathletics.com/sports/mbkb/archives/199899_Stats,"Hampton, Shawn",31-5,775-25.0,103-222,0-0,114-176,209,93-2,4,44,53,29,320-10.3
http://vcuathletics.com/sports/mbkb/archives/199899_Stats,"Martin, Shannon", 27-19,518-19.2,101-206, 24-65,17-29,95,72-4,24,29,5,15,243-9.0
http://vcuathletics.com/sports/mbkb/archives/199899_Stats,"Lilly, Scott",29-19,607-20.9,69-181,37-99,28-41,12,21-0,51,52,1,16,203-7.0
http://vcuathletics.com/sports/mbkb/archives/199899_Stats,"Kodjoe, Patrick",30-25,754-25.1,62-160,21-68,29-34,158,55-1,23,47,7,25,174-5.8
http://vcuathletics.com/sports/mbkb/archives/199899_Stats,"Okosa, Reggie",31-6,553-17.8,54-116,0-1,21-40,163, 64-1,12,38,19,23,129-4.2
http://vcuathletics.com/sports/mbkb/archives/199899_Stats,"Moore, Scott",25-0,313-12.5,41-118,22-72,17-22,30,35-0,9,21,0,7,121-4.8
http://vcuathletics.com/sports/mbkb/archives/199899_Stats,"Ragler, Garland",30-19,424-14.1,45-121, 9-32,18-30,59,39-0,22,42,3,15,117-3.9
http://vcuathletics.com/sports/mbkb/archives/199899_Stats,"Likcholitov, L.F.",31-26,404-13.0,44-98,0-0,16-40,96,72-1,4,34,44,10,104-3.4
http://vcuathletics.com/sports/mbkb/archives/199899_Stats,"Shtam, Alexander",12-0,50-4.2,6-14,1-7,5-8,4,6-0,2,1,0,2,18-1.5
http://vcuathletics.com/sports/mbkb/archives/199899_Stats,"Park, Jason",2-0,6-3.0,0-0,0-0,0-0,0,0-0,0,0,0,0,0-0.0
http://vcuathletics.com/sports/mbkb/archives/199899_Stats,"
Totals
","
31
","
6250
","
782-1893
","
241-667
","
414-617
",1213,"
561-9
","
408
","
497
","
133
","
231
","
2221-71.6
"
http://vcuathletics.com/sports/mbkb/archives/199899_Stats,"
Opponents
", 31,6250,789-1839,218-630,418-623,1169,581,478,499,111,250,2214-71.4
http://vcuathletics.com/sports/mbkb/archives/199900_Stats,"
Jones, Bo
",28-28,810-28.9,161-397,48-163,92-109,33-70-190,58-1,49,61,3,40,462-16.5
http://vcuathletics.com/sports/mbkb/archives/199900_Stats,"Taylor, LaMar",28-28,942-33.6,111-298,43-129,79-110,21-88-109,61-0,134,87,3,52,344-12.3
http://vcuathletics.com/sports/mbkb/archives/199900_Stats,"Hampton, Shawn",28-18,681-24.3,102-199,0-0,79-141,72-119-191,83-1,10,52,39,24,283-10.1
http://vcuathletics.com/sports/mbkb/archives/199900_Stats,"Okosa, Reggie",28-8,590-21.1,80-198,0-1,27-43,84-102-186,87-6,20,62,24,24,187-6.7
http://vcuathletics.com/sports/mbkb/archives/199900_Stats,"Lilly, Scott",28-9,651-23.3,57-168,29-94,22-33,15-48-63,30-0,63,54,4,20,165-5.9
http://vcuathletics.com/sports/mbkb/archives/199900_Stats,"Likcholitov, L.F.",28-10,420-15.0,56-109,0-0,28-61,42-63-105,60-2,6,40,33,8,140-5.0
http://vcuathletics.com/sports/mbkb/archives/199900_Stats,"Treadwell, Matt",28-19,548-19.6,51-109,0-1,19-38,44-64-108,54-0,26,52, 32, 15,121-4.3
http://vcuathletics.com/sports/mbkb/archives/199900_Stats,"Kodjoe, Patrick",17-1,258-15.2,24-67,7-29,14-18,15-31-46, 18-0,5,8,2,11,69-4.1
http://vcuathletics.com/sports/mbkb/archives/199900_Stats,"Graham, Josh",28-19,548-19.6,43-104,7-36,15-23,32-50-82,57-0,38,48,10,20,108-3.9
http://vcuathletics.com/sports/mbkb/archives/199900_Stats,"Hoggatt, Hunter",27-0,334-12.4,20-74,16-61,15-18,11-22-32,18-0,15,17,1,6,71-2.6
http://vcuathletics.com/sports/mbkb/archives/199900_Stats,"Lappegard, Antonio",2-0,3-1.5,2-3,0-0,1-2,2-1-3,1-0,0,0,0,0,5-2.5
http://vcuathletics.com/sports/mbkb/archives/199900_Stats,"Rand, Ben",7-0,13-1.9,0-3,0-0,2-2,0-0-0,0-0,3,1,0,0,2-0.3
http://vcuathletics.com/sports/mbkb/archives/199900_Stats,"
Totals
","
28
","
5800
","
707-1729
","
150-514
","
393-598
","
420-697-1117
","
527-10
","
369
","
485
","
151
","
220
","
1957-69.9
"
http://vcuathletics.com/sports/mbkb/archives/199900_Stats,"
Opponents
", 28,5800,717-1706,186-527,423-591,392-715-1107,558,446,474,106,248,2043-73.0
http://vcuathletics.com/sports/mbkb/archives/200001_Stats,"
Jones, Bo
",29-29,791-27.3,137-317,62-157,93-112,15-75-90,50-0,54,46,2,30,429-14.8
http://vcuathletics.com/sports/mbkb/archives/200001_Stats,"Taylor, Willie", 28-26,680-24.3,119-253,29-76,86-125,39-81-120,73-4,30,62,12,13,353-12.6
http://vcuathletics.com/sports/mbkb/archives/200001_Stats,"Likcholitov, L.F.",29-29,654-22.6,111-196,0-0,55-125,80-123-203,91-4,12,43,51,11,277-9.6
http://vcuathletics.com/sports/mbkb/archives/200001_Stats,"Jones, Domonic",29-0,513-17.7,96-221,11-35,45-67,18-27-45,43-0,36,41,8,16,248-8.6
http://vcuathletics.com/sports/mbkb/archives/200001_Stats,"Story, Johnnie",28-28,825-29.5,78-151,0-1,53-70,51-80-131,88-7,31,46,12,9,209-7.5
http://vcuathletics.com/sports/mbkb/archives/200001_Stats,"Taylor, LaMar",30-30,779-26.0,68-199,28-85,49-76,12-88-100,52-2,110,60,0,50,213-7.1
http://vcuathletics.com/sports/mbkb/archives/200001_Stats,"Nesterov, Konstantin",30-3,539-18.0,58-133,19-42,31-47,46-64-110,81-4,22,48,23,11,166-5.5
http://vcuathletics.com/sports/mbkb/archives/200001_Stats,"Lilly, Scott",30-4,531-17.7,40-123,23-69,20-29,7-48 -55,25-0,50,33,0,22,123-4.1
http://vcuathletics.com/sports/mbkb/archives/200001_Stats,"Graham, Josh",25-0,367-14.7,26-83,10-39,17-33,25-50-75,47-2,20,36,6, 18, 79-3.2
http://vcuathletics.com/sports/mbkb/archives/200001_Stats,"Treadwell, Matt",30-1,412-13.7,29-59,0-0,16-32,27-51-78,39-0,15,10, 17, 9,74-2.5
http://vcuathletics.com/sports/mbkb/archives/200001_Stats,"Shtam, Alexander",10-0,39-3.9,5-11,3-6,0-2,2-5-7,2-0,1,1,0,1,13-1.3
http://vcuathletics.com/sports/mbkb/archives/200001_Stats,"Orlov, Denis",10-0,46-4.6,3-7,0-0,2-2,4-10-14,13-1,1,3,3,1,8-0.8
http://vcuathletics.com/sports/mbkb/archives/200001_Stats,"
Totals
","
30
","
6175
","
770-1753
","
185-510
","
467-720
","
381-772-1153
","
604-24
","
382
","
436
","
134
","
191
","
2192-73.1
"
http://vcuathletics.com/sports/mbkb/archives/200001_Stats,"
Opponents
",30,6175,755-1830,164-466,491-711,424-738-1162,617,377,413,98,185,2165-72.2
http://vcuathletics.com/sports/mbkb/archives/200102_Stats,"
Taylor, Willie
",31-31,994-32.1,155-372,68-192,153-180,27-114-141,83-3,50,51,15,20,531-17.1
http://vcuathletics.com/sports/mbkb/archives/200102_Stats,"Jones, Domonic",32-32,1114-34.8,199-431,28-76,90-124, 41-109-150,50-0,124,107,26,53,516-16.1
http://vcuathletics.com/sports/mbkb/archives/200102_Stats,"Willie, Antoine",32-32,1073-33.5,140-333,48-159,71-106,15-93-108,69-2,87,81,0,45,399-12.5
http://vcuathletics.com/sports/mbkb/archives/200102_Stats,"Likcholitov, L.F.",32-32,898-28.1, 122-237,0-0,91-160,82-164-246,87-0,28,65,79,10,335-10.5
http://vcuathletics.com/sports/mbkb/archives/200102_Stats,"Mathis, Emanuel",20-0,311-15.6,31-92,16-53,17-26,3-24-27,37-0,10,22,1,10,95-4.8
http://vcuathletics.com/sports/mbkb/archives/200102_Stats,"Graham, Josh",31-19,253-14.9,25-79,12-46,12-19,42-93-135,80-3,44,44,10,14,135-4.4
http://vcuathletics.com/sports/mbkb/archives/200102_Stats,"Nesterov, Konstantin",32-14,482-15.1,43-103,23-50,10-20,44-69-113,77-4,20,41,21,11,119-3.7
http://vcuathletics.com/sports/mbkb/archives/200102_Stats,"Clark, Josh",31-0,420-13.5,42-93,0-1,19-37,46-81-127,80-2,10,36,16,16,103-3.3
http://vcuathletics.com/sports/mbkb/archives/200102_Stats,"Reid, Derrick",24-0,264-11.0,23-55,4-11,7-14,27-36-63,30-1,5,19,4,4,57-2.4
http://vcuathletics.com/sports/mbkb/archives/200102_Stats,"Adams, Mark ",26-0,164-6.3,10-26,7-15,5-10,4-12-16,11-0,11,14,1,6,32-1.2
http://vcuathletics.com/sports/mbkb/archives/200102_Stats,"Orlov, Denis",14-0,43-3.1,1-7,0-0,2-3,2-7-9,8-0,2,2,3,0,4-0.3
http://vcuathletics.com/sports/mbkb/archives/200102_Stats,"Shtam, Alexander",8-0,20-2.5,0-3,0-0,0-0,0-1-1,2-0,0,4,0, 1,0-0.0
http://vcuathletics.com/sports/mbkb/archives/200102_Stats,"
Totals
","
32
","
6475
","
811-1890
","
211-624
","
493-734
","
384-899-1283
","
614-15
","
391
","
490
","
176
","
190
","
2326-72.7
"
http://vcuathletics.com/sports/mbkb/archives/200102_Stats,"
Opponents
", 32, 6446, 767-2052,184-611,481-709,502-821-1323,645,408,443,84,253,2193-68.5
http://vcuathletics.com/sports/mbkb/archives/200203_Stats,"
Taylor, Willie
",28-27,859-30.7,164-333,59-143,96-121,16-100-116,62-1,34,51,23,22,483-17.3
http://vcuathletics.com/sports/mbkb/archives/200203_Stats,"Jones, Domonic",28-28,941-33.6,143-336,20-61,41-76,39-82-121,58-0,108,78,20,41,347-12.4
http://vcuathletics.com/sports/mbkb/archives/200203_Stats,"Mathis, Emanuel",28-23,744-26.6,93-233,61-162,67-76,13-74-87,65-1,51,44,12,26,314-11.2
http://vcuathletics.com/sports/mbkb/archives/200203_Stats,"Godwin, Troy",28-27,731-26.1,110-226,0-0,41-81,89-141-230,88-3,23,60,41,17,261-9.3
http://vcuathletics.com/sports/mbkb/archives/200203_Stats," George, Nick",28-28,816-29.1,89-184,0-2,55-71,73-114-187,56-0,30,52,8,17,233-8.3
http://vcuathletics.com/sports/mbkb/archives/200203_Stats,"Willie, Antoine",25-6,635-25.4,63-156,20-64,50-69,6-37-43,45-2,50,38,2,18,196-7.8
http://vcuathletics.com/sports/mbkb/archives/200203_Stats,"Doles, Michael",22-0,360-16.4,51-104,14-33,30-36,16-57-73,46-0,19,23,18,20,146-6.6
http://vcuathletics.com/sports/mbkb/archives/200203_Stats,"Reid, Derrick",28-1,330-11.8,20-51,1-3,8-15,26-43-69,54-0,10,23,5,7,49-1.8
http://vcuathletics.com/sports/mbkb/archives/200203_Stats,"Adams, Mark",19-0,118-6.2,7-17,3-12,2-4,1-15-16,18-0,13,9,0,6,19-1.0
http://vcuathletics.com/sports/mbkb/archives/200203_Stats,"Shtam, Alex",7-0,19-2.7,2-6,1-4,0-0,0-1-1,1-0,2,3,0,0,5-0.7
http://vcuathletics.com/sports/mbkb/archives/200203_Stats,"Banteamlak, Yonnas",5-0,9-1.8,0-4,0-3,2-2,0-0-0,0-0,0,0,0,0,2-0.4
http://vcuathletics.com/sports/mbkb/archives/200203_Stats,"Payton, Teron",2-0,4-2.0,0-3,0-3,0-0,0-1-1,1-0,0,0,0,0,0-0.0
http://vcuathletics.com/sports/mbkb/archives/200203_Stats,"
Totals
","
28
","
5700
","
751-1672
","
179-490
","
392-553
","
335-732-1067
","
525-8
",341,"
391
","
142
","
176
","
2073-74.0
"
http://vcuathletics.com/sports/mbkb/archives/200203_Stats,"
Opponents
", 28,5700,685-1723,139-446,394-568,391-664-1055,538,316,400,86,183,1903-68.0
http://vcuathletics.com/sports/mbkb/archives/200304_Stats,"
Jones, Domonic
",31-31,1043-33.6,191-415,44-103,79-118,39-98-137,59-1,77,85,13,5,505-16.3
http://vcuathletics.com/sports/mbkb/archives/200304_Stats,"Godwin, Troy",31-31,895-28.9,151-262,0-0,64-136,80-137-217,87-4,35,99,50,14,366-11.8
http://vcuathletics.com/sports/mbkb/archives/200304_Stats,"Doles, Michael",31-9,746-24.1,127-270,39-107,55-79,34-101-135,89-1,50,74,11,23,348-11.2
http://vcuathletics.com/sports/mbkb/archives/200304_Stats,"George, Nick",31-22,804-25.9,103-199,17-37,61-101,60-123-183,48-0,34,61,9,32,284-9.2
http://vcuathletics.com/sports/mbkb/archives/200304_Stats,"Walker, B.A.",31-22,793-25.6,74-189,59-140,32-40,17-49-66,58-1,84,48,0,25,239-7.7
http://vcuathletics.com/sports/mbkb/archives/200304_Stats,"Pellot-Rosa, Jesse",29-24,709-24.4,65-164,24-82, 31-47,44-92-136,54-0,51,34,12,30,185-6.4
http://vcuathletics.com/sports/mbkb/archives/200304_Stats,"Johnson, Drew",17-0,143-8.4,24-45,18-36,3-7,6-12-18,12-0,4,11,2,2,69-4.1
http://vcuathletics.com/sports/mbkb/archives/200304_Stats,"Reid, Derrick",30-6,462-15.4,43-82,0-3,19-41,19-50-69,79-4,17,38,7,20,105-3.5
http://vcuathletics.com/sports/mbkb/archives/200304_Stats,"Harper, Alexander",15-8,310-20.7,10-31,3-14,16-21,6-49-49,28-1,39,27,1,19,39-2.6
http://vcuathletics.com/sports/mbkb/archives/200304_Stats,"Moore, Kevin",27-2,167-6.2,15-28,0-0,6-13,16-13-29,25-0,1,8,14,4,36-1.3
http://vcuathletics.com/sports/mbkb/archives/200304_Stats,"Capel, Julian",24-0,164-6.8,7-20,3-6,4-7,6-9-15,7-0,14,16,1,6,21-0.9
http://vcuathletics.com/sports/mbkb/archives/200304_Stats,"Lehmann, A.B.",7-0,14-2.0,1-2,1-2,2-4,0-1-1,3-0,1,1,0,1,5-0.7
http://vcuathletics.com/sports/mbkb/archives/200304_Stats,"
Totals
","
31
","
6250
","
811-1707
","
208-530
","
372-782
","
377-782-1159
","
549-12
","
407
","
510
","
120
","
209
","
2202-71.0
"
http://vcuathletics.com/sports/mbkb/archives/200304_Stats,"
Opponents
",31,6250,718-1773,173-500,377-560,357-662-1019,566-18,381,443,66,240,1986-64.1
http://vcuathletics.com/sports/mbkb/archives/200405_Stats,"
George, Nick
",32-32,1027-32.1,187-404,46-125,118-170,68-118-186,63-1,66,81,14,28,538-16.8
http://vcuathletics.com/sports/mbkb/archives/200405_Stats,"Doles, Michael",30-24,866-28.9,156-333,45-121,90-120,30-86-116,88-2,59,64,12,37,447-14.9
http://vcuathletics.com/sports/mbkb/archives/200405_Stats,"Walker, B.A.",32-32,1037-32.4,135-316,55-154,61-71,39-69-108,78-2,94,49,4,27,386-12.1
http://vcuathletics.com/sports/mbkb/archives/200405_Stats,"Pellot-Rosa, Jesse",32-20,753-23.5,73-172,20-66,46-70,59-90-149,61-1,35, 36,20,32,212-6.6
http://vcuathletics.com/sports/mbkb/archives/200405_Stats," Harper, Alexander",32-15,797-24.9,59-129,29-65,43-55,11-120-131,72-3,79,61,2,43,190-5.9
http://vcuathletics.com/sports/mbkb/archives/200405_Stats,"Roland, Calvin",31-23,508-16.4,52-114,0-1,30-57,35-55-90,68-1,20,28,37,9,134-4.3
http://vcuathletics.com/sports/mbkb/archives/200405_Stats,"Reid, Derrick ",30-9,511-17.0,51-102,1-1,12-24,36-44-80,89-5,17,26,5,18,115-3.8
http://vcuathletics.com/sports/mbkb/archives/200405_Stats,"Dixon, Renardo",32-0, 345-10.8,39-116,9-35,14-22,18-37-55,48-1,13,28,14,14,101-3.2
http://vcuathletics.com/sports/mbkb/archives/200405_Stats,"Shuler, Jamal",20-0,126-6.3,14-46,7-32,9-12,4-17-21,7-0,12,7,2,5,44-2.2
http://vcuathletics.com/sports/mbkb/archives/200405_Stats,"Anderson, Michael",26-5,205-7.9,13-41,2-11,11-19,12-17-29,19-0,9,11,7,3,39-1.5
http://vcuathletics.com/sports/mbkb/archives/200405_Stats,"Johnson, Drew",4-0,20-5.0,2-5,1-3,0-0,0-2-2,2-0,0,3,0,0,5-1.3
http://vcuathletics.com/sports/mbkb/archives/200405_Stats,"Faulk, Sam",24-0,210-8.8,8-17,0-0,7-17,11-29-40,35-0,5,9,15,5,23-1.0
http://vcuathletics.com/sports/mbkb/archives/200405_Stats,"Capel, Julian",15-0,95-6.3,2-11,0-3,2-2,0-7-7,10-0,11,5,0,2,6-0.4
http://vcuathletics.com/sports/mbkb/archives/200405_Stats,"
Totals
","
32
","
6500
","
791-1806
","
215-617
","
443-639
","
356-750-1106
","
641-16
","
422
","
411
","
132
","
223
","
2240-70.0
"
http://vcuathletics.com/sports/mbkb/archives/200405_Stats,"
Opponents
", 32,6500, 724-1730,174-509,505-740,383-765-1148,591,383,463,57,208,2127-66.5
http://vcuathletics.com/sports/mbkb/archives/200506_Stats,"
George, Nick
",29-29,29.6,167-357,52-111,105-147,44-103-147,38-0,37,86,4,37,491-16.9
http://vcuathletics.com/sports/mbkb/archives/200506_Stats,"Walker, B.A.", 29-28,29.7,120-292,63-172,35-46,27-44-71,43-0,56,28,5,33,338-11.7
http://vcuathletics.com/sports/mbkb/archives/200506_Stats,"Pellot-Rosa, Jesse",29-26,29.3,92-212,28-86,55-66,64-84-148,56-0,56,42,9,48,267-9.2
http://vcuathletics.com/sports/mbkb/archives/200506_Stats,"Harper, Alexander",29-22,23.9,66-141,31-65,35-44,14-75-89,60-1,71,39,2,33,198-6.8
http://vcuathletics.com/sports/mbkb/archives/200506_Stats,"Davis, Eric",29-10,19.7,64-151,0-2,47-67,23-59-82,78-2,9,59,22,16,175-6.0
http://vcuathletics.com/sports/mbkb/archives/200506_Stats,"Shuler, Jamal",29-4,16.2, 59-144,33-97,17-27,11-33-44,28-0,31,12,5,12,168-5.8
http://vcuathletics.com/sports/mbkb/archives/200506_Stats,"Maynor, Eric",29-4,15.7,49-114,3-15,34-41,8-30-38,40-1,65,48,0,22,135-4.7
http://vcuathletics.com/sports/mbkb/archives/200506_Stats,"Anderson, Michael",29-2,14.7,36-92,8-31,15-27,30-54-84,53-0,19,24,12,17,95-3.3
http://vcuathletics.com/sports/mbkb/archives/200506_Stats,"Dixon, Renardo",13-0,10.3,15-42,5-20,2-4,12-15-27,22-0,3,6,7,2,37-2.8
http://vcuathletics.com/sports/mbkb/archives/200506_Stats," Capel, Julian",10-1,5.8,6-9,2-4,3-6,3-5-8,1-0,4,4,0,1,17-1.7
http://vcuathletics.com/sports/mbkb/archives/200506_Stats,"Faulk, Sam",27-19,16.7,16-35,0-0,11-20,37-60-97,75-1,5,12,16,16,43-1.6
http://vcuathletics.com/sports/mbkb/archives/200506_Stats,"
Totals
","
29
","
5825
",690-1589,"
225-603
","
359-495
","
315-611-926
","
496-6
","
356
","
362
","
82
","
237
","
1964-67.7
"
http://vcuathletics.com/sports/mbkb/archives/200506_Stats,"
Opponents
", 29, 5825,640-1496,152-498,379-544,329-649-978,471, 314,456, 70,185, 1811-62.4
http://vcuathletics.com/sports/mbkb/archives/200607_Stats,"
Walker, B.A.
",35-35,1131-32.3,179-389,92-222,67-79,32-69-101,66-0,66,43,7,35,517-14.8
http://vcuathletics.com/sports/mbkb/archives/200607_Stats,"Maynor, Eric", 35-34,1214-34.7, 161-380,23-59,140-180,22-126-148,75-0,224,73,7,48,485-13.9
http://vcuathletics.com/sports/mbkb/archives/200607_Stats,"Pellot-Rosa, Jesse",35-35,925-26.4,152-339,66-155,94-117,71-87-158,78-2,48,55, 15,39,464-13.3
http://vcuathletics.com/sports/mbkb/archives/200607_Stats," Fameni, Wil",35-29,901-25.7,123-255, 1-3,66-107,80-109-189,111-2,32,51,34,28,313-8.9
http://vcuathletics.com/sports/mbkb/archives/200607_Stats,"Shuler, Jamal",35-0,758-21.7,97-217,52-127,56-71,15-59-74,49-0,30,31,2,34,302-8.6
http://vcuathletics.com/sports/mbkb/archives/200607_Stats,"Anderson, Michael",35-35,881-25.2,79-165,4-19,63-83,61-109-170,93-1,17,45,24,36,225-6.4
http://vcuathletics.com/sports/mbkb/archives/200607_Stats,"Gywnn, T.J.",35-0,493-14.1,58-103,4-9,48-72,39-57-96,53-0,25,37,5,21,168-4.8
http://vcuathletics.com/sports/mbkb/archives/200607_Stats,"Roland, Calvin",34-6,346-10.2,32-68,0-0,33-68,35-26-61,64-1,5,27,11,7,97-2.9
http://vcuathletics.com/sports/mbkb/archives/200607_Stats,"Ndongo, Franck",27-0,241-8.9,11-34,1-12,10-15,12-22-34,34-0,11,20,1,15,33-1.2
http://vcuathletics.com/sports/mbkb/archives/200607_Stats,"Faulk, Sam",6-0,30-5.0,3-5,0-0,0-0,1-4-5,2-0,0,0,0,0,6-1.0
http://vcuathletics.com/sports/mbkb/archives/200607_Stats," Eversley, James",11-0,30-2.7,3-8,1-2,0-0,0-4-4,2-0,2,0,0,0,7-0.6
http://vcuathletics.com/sports/mbkb/archives/200607_Stats,"Coward, Matt",21-1,135-6.4,3-8,0-1,3-5,1-6-7,16-0,15,8,0,5,9-0.4
http://vcuathletics.com/sports/mbkb/archives/200607_Stats,"
Totals
","
35
","

","
901-1971
","
244-609
","
580-797
","
427-738-1165
","
643-6
","
475
","
394
","
106
","
268
","
2626-75.0
"
http://vcuathletics.com/sports/mbkb/archives/200607_Stats,"
Opponents
", 35, , 814-1797,206-578,464-578,351-771-1122,655,404,575,116,182,2298-65.7
http://vcuathletics.com/sports/mbkb/archives/200708_Stats,"
Maynor, Eric
",32-32,1115-34.8,196-427,50-127,131-172,24-110-134,61-0,175,96,7,40,573-17.9
http://vcuathletics.com/sports/mbkb/archives/200708_Stats,"Shuler, Jamal", 32-32,1058-33.1,172-33.1,78-189,75-94,26-123-149,56-0,40,49,8,8,497-15.5
http://vcuathletics.com/sports/mbkb/archives/200708_Stats,"Anderson, Michael",31-29,736-23.7,76-172,16-45,54-88,47-97-144,71-3,22,55,28,25,222-7.2
http://vcuathletics.com/sports/mbkb/archives/200708_Stats,"Rodriguez, Joey",32-18,789-24.7,47-146,23-79,47-59,17-75-92,55-1,79,58,1,48,164-5.1
http://vcuathletics.com/sports/mbkb/archives/200708_Stats,"Sanders, Larry",32-16,531-16.6,63-125,0-0,31-68,50-115-165,90-4,4,25,95,11,157-4.9
http://vcuathletics.com/sports/mbkb/archives/200708_Stats,"Fameni, Wil",25-10,443-17.7,39-90,0-5,35-56,40-54-94,46-1,14,28,9,10,113-4.5
http://vcuathletics.com/sports/mbkb/archives/200708_Stats,"Kearse, Lance",31-0,304-9.8,39-73,14-25,30-42,22-30-52,44-0,7,18,3,12,122-3.9
http://vcuathletics.com/sports/mbkb/archives/200708_Stats,"Gwynn, T.J.",30-5,376-12.5,35-71,4-11,28-44,33-51-84,31-0,21,21,7,12,102-3.4
http://vcuathletics.com/sports/mbkb/archives/200708_Stats,"Rozzell, Brandon",24-0,254-10.6,21-53,16-42,3-5,1-16-17,25-0,11,8,0,14,61-2.5
http://vcuathletics.com/sports/mbkb/archives/200708_Stats,"Nixon, Ed",31-8,313-10.1,22-60,3-19,9-12,9-6-15,36-0,12,18,2,13,56-1.8
http://vcuathletics.com/sports/mbkb/archives/200708_Stats,"Pischnalikov, Kirill",31-8,305-9.8,19-44,0-0,9-24,40-36-76,50-1,7,26,10,12,47-1.5
http://vcuathletics.com/sports/mbkb/archives/200708_Stats,"Ndongo, Franck",20-2,153-7.7,8-34,3-8,10-15,13-19-32,23-0,7,15,0,7,29-1.5
http://vcuathletics.com/sports/mbkb/archives/200708_Stats,"Brown, Myk",15-0,43-2.9,5-20,3-9,1-5,4-6-10,5-0,2,2,0,1,14-0.9
http://vcuathletics.com/sports/mbkb/archives/200708_Stats,"Smith, Gerard",7-0,5.0-0.7,0-0,0-0,0-0,0-1-1,1-0,1,1,0,0,0-0.0
http://vcuathletics.com/sports/mbkb/archives/200708_Stats,"
Totals
","
32
","

","
742-1706
","
210-559
","
463-684
","
376-782-1158
","
594-10
","
402
","
429
","
170
","
253
","
2157-67.4
"
http://vcuathletics.com/sports/mbkb/archives/200708_Stats,"
Opponents
", 32, ,647-1689,137-509, 450-646,383-711-1094,578,346,479,102, 194,1881-58.8
http://vcuathletics.com/sports/mbkb/archives/200809_Stats,"
Maynor, Eric
",34-34,35.5,248-536,66-183,198-243,16-106-122,82-1,210,101,6,58,760-22.4
http://vcuathletics.com/sports/mbkb/archives/200809_Stats,"Sanders, Larry", 34-34,26.6,156-306,0-0, 72-129,98-194-292,124-8,13,72,92,22,381-11.3
http://vcuathletics.com/sports/mbkb/archives/200809_Stats,"Rodriguez, Joey",34-31,31.9,108-259,62-149,40-52,28-66-94,72-0,85,79,0,61,318-9.4
http://vcuathletics.com/sports/mbkb/archives/200809_Stats," Burgess, Bradford",34-34,29.3,88-183,37-86,40-60,40-80-120,70-1,45,38,6,29,253-7.4
http://vcuathletics.com/sports/mbkb/archives/200809_Stats," Rozzell, Brandon",34-3,19.2,82-202,36-123,26-33,6-51-57,45-0,25,30,6,32,226-6.6
http://vcuathletics.com/sports/mbkb/archives/200809_Stats,"Pishchalnikov, Kirill",34-30,20.7,67-124,0-0,43-67,60-98-158,102-7,30,36,24,17,177-5.2
http://vcuathletics.com/sports/mbkb/archives/200809_Stats,"Kearse, Lance ",11-0,12.3,19-47,11-25,1-2,8-12-20,20-0,5,12,4,5,25-4.2
http://vcuathletics.com/sports/mbkb/archives/200809_Stats," Gwynn, T.J.",20-0,15.3,32-53,0-0,24-33,15-37-52,27-0,20,14,0,12,88-4.4
http://vcuathletics.com/sports/mbkb/archives/200809_Stats," Nixon, Ed",33-4,18.4,43-117,10-34,35-52,19-46-55,66-0,32,25,8,16,131-4.0
http://vcuathletics.com/sports/mbkb/archives/200809_Stats,"Saintil, Terrance",31-0,7.7,23-49,0-0,7-18,20-36-56,44-0,3,15,9,5,53-1.7
http://vcuathletics.com/sports/mbkb/archives/200809_Stats,"Smith, Gerard",14-0,1.3,0-2,0-1,0-0,0-2-2,2-0,1,1,0,0,0-0.0
http://vcuathletics.com/sports/mbkb/archives/200809_Stats,"
Totals
","
34
", ,"
866-1878
","
222-601
","
486-689
","
362-790-1152
","
654-17
","
469
","
431
","
155
","
257
","
2440-71.8
"
http://vcuathletics.com/sports/mbkb/archives/200809_Stats,"
Opponents
", 34, , 734-1850,196-581,492-697,409-764-1173,611-0,386,494,86,190,2156-63.4
